,image_name,Champ_onehot,Champ
1,image_0.jpg,23,Warwick
2,image_1.jpg,74,Taric
3,image_2.jpg,2,Camille
22,image_3.jpg,22,Talon
26,image_4.jpg,73,Shaco
34,image_5.jpg,80,Urgot
41,image_6.jpg,33,Miss Fortune
46,image_7.jpg,7,Kassadin
47,image_8.jpg,5,Illaoi
48,image_9.jpg,50,Vi
57,image_10.jpg,23,Warwick
58,image_11.jpg,74,Taric
59,image_12.jpg,2,Camille
81,image_13.jpg,73,Shaco
82,image_14.jpg,22,Talon
85,image_15.jpg,27,Ekko
88,image_16.jpg,63,Twisted Fate
89,image_17.jpg,25,Zyra
96,image_18.jpg,66,Katarina
108,image_19.jpg,3,Darius
169,image_20.jpg,23,Warwick
170,image_21.jpg,74,Taric
171,image_22.jpg,2,Camille
180,image_23.jpg,22,Talon
183,image_24.jpg,72,Samira
189,image_25.jpg,17,Quinn
202,image_26.jpg,4,Ezreal
208,image_27.jpg,14,Blitzcrank
209,image_28.jpg,70,Heimerdinger
220,image_29.jpg,65,Garen
221,image_30.jpg,61,Mechanical Bear
223,image_31.jpg,10,Singed
280,image_32.jpg,81,Yone
281,image_33.jpg,23,Warwick
282,image_34.jpg,20,Swain
283,image_35.jpg,2,Camille
301,image_36.jpg,17,Quinn
314,image_37.jpg,12,Ziggs
321,image_38.jpg,16,Lulu
332,image_39.jpg,7,Kassadin
333,image_40.jpg,37,Vex
334,image_41.jpg,3,Darius
335,image_42.jpg,14,Blitzcrank
336,image_43.jpg,81,Yone
338,image_44.jpg,23,Warwick
340,image_45.jpg,20,Swain
342,image_46.jpg,2,Camille
352,image_47.jpg,72,Samira
357,image_48.jpg,17,Quinn
362,image_49.jpg,22,Talon
364,image_50.jpg,17,Quinn
365,image_51.jpg,67,Kog'Maw
366,image_52.jpg,74,Taric
386,image_53.jpg,75,Dr. Mundo
388,image_54.jpg,5,Illaoi
390,image_55.jpg,28,Gangplank
392,image_56.jpg,81,Yone
394,image_57.jpg,23,Warwick
396,image_58.jpg,20,Swain
398,image_59.jpg,2,Camille
408,image_60.jpg,72,Samira
413,image_61.jpg,17,Quinn
432,image_62.jpg,70,Heimerdinger
433,image_63.jpg,25,Zyra
443,image_64.jpg,38,Zac
444,image_65.jpg,5,Illaoi
445,image_66.jpg,69,Trundle
446,image_67.jpg,50,Vi
448,image_68.jpg,81,Yone
450,image_69.jpg,23,Warwick
452,image_70.jpg,20,Swain
454,image_71.jpg,2,Camille
464,image_72.jpg,72,Samira
469,image_73.jpg,17,Quinn
474,image_74.jpg,22,Talon
476,image_75.jpg,73,Shaco
477,image_76.jpg,25,Zyra
478,image_77.jpg,27,Ekko
484,image_78.jpg,63,Twisted Fate
499,image_79.jpg,41,Braum
501,image_80.jpg,3,Darius
560,image_81.jpg,81,Yone
562,image_82.jpg,30,Leona
564,image_83.jpg,23,Warwick
566,image_84.jpg,2,Camille
576,image_85.jpg,72,Samira
581,image_86.jpg,17,Quinn
586,image_87.jpg,46,Orianna
591,image_88.jpg,80,Urgot
594,image_89.jpg,17,Quinn
599,image_90.jpg,28,Gangplank
600,image_91.jpg,78,Fiora
601,image_92.jpg,33,Miss Fortune
607,image_93.jpg,38,Zac
608,image_94.jpg,50,Vi
616,image_95.jpg,81,Yone
618,image_96.jpg,30,Leona
620,image_97.jpg,23,Warwick
622,image_98.jpg,2,Camille
632,image_99.jpg,72,Samira
634,image_100.jpg,83,Yuumi
637,image_101.jpg,17,Quinn
642,image_102.jpg,46,Orianna
648,image_103.jpg,3,Darius
649,image_104.jpg,44,Jhin
655,image_105.jpg,41,Braum
656,image_106.jpg,46,Orianna
657,image_107.jpg,68,Tristana
663,image_108.jpg,30,Leona
664,image_109.jpg,14,Blitzcrank
672,image_110.jpg,81,Yone
674,image_111.jpg,30,Leona
676,image_112.jpg,23,Warwick
678,image_113.jpg,2,Camille
688,image_114.jpg,83,Yuumi
690,image_115.jpg,72,Samira
693,image_116.jpg,46,Orianna
699,image_117.jpg,17,Quinn
703,image_118.jpg,25,Zyra
704,image_119.jpg,10,Singed
705,image_120.jpg,70,Heimerdinger
706,image_121.jpg,24,Zilean
718,image_122.jpg,76,Janna
723,image_123.jpg,74,Taric
726,image_124.jpg,71,Lissandra
727,image_125.jpg,60,Mechanical Scarab
784,image_126.jpg,81,Yone
786,image_127.jpg,30,Leona
788,image_128.jpg,23,Warwick
790,image_129.jpg,2,Camille
800,image_130.jpg,76,Janna
802,image_131.jpg,72,Samira
805,image_132.jpg,46,Orianna
811,image_133.jpg,17,Quinn
817,image_134.jpg,14,Blitzcrank
818,image_135.jpg,4,Ezreal
825,image_136.jpg,70,Heimerdinger
831,image_137.jpg,65,Garen
836,image_138.jpg,74,Taric
837,image_139.jpg,30,Leona
838,image_140.jpg,61,Mechanical Bear
839,image_141.jpg,10,Singed
840,image_142.jpg,81,Yone
842,image_143.jpg,30,Leona
844,image_144.jpg,23,Warwick
846,image_145.jpg,2,Camille
856,image_146.jpg,76,Janna
858,image_147.jpg,72,Samira
861,image_148.jpg,46,Orianna
867,image_149.jpg,17,Quinn
868,image_150.jpg,63,Twisted Fate
869,image_151.jpg,25,Zyra
870,image_152.jpg,73,Shaco
874,image_153.jpg,27,Ekko
889,image_154.jpg,37,Vex
891,image_155.jpg,41,Braum
893,image_156.jpg,3,Darius
952,image_157.jpg,81,Yone
954,image_158.jpg,30,Leona
956,image_159.jpg,23,Warwick
958,image_160.jpg,2,Camille
970,image_161.jpg,72,Samira
973,image_162.jpg,46,Orianna
979,image_163.jpg,17,Quinn
984,image_164.jpg,25,Zyra
985,image_165.jpg,58,Viktor
986,image_166.jpg,24,Zilean
998,image_167.jpg,76,Janna
1003,image_168.jpg,74,Taric
1004,image_169.jpg,38,Zac
1005,image_170.jpg,71,Lissandra
1008,image_171.jpg,81,Yone
1010,image_172.jpg,30,Leona
1012,image_173.jpg,78,Fiora
1014,image_174.jpg,2,Camille
1024,image_175.jpg,72,Samira
1026,image_176.jpg,54,Kai'Sa
1029,image_177.jpg,46,Orianna
1035,image_178.jpg,17,Quinn
1042,image_179.jpg,4,Ezreal
1055,image_180.jpg,76,Janna
1060,image_181.jpg,74,Taric
1063,image_182.jpg,10,Singed
1682,image_183.jpg,5,Illaoi
1683,image_184.jpg,2,Camille
1697,image_185.jpg,28,Gangplank
1701,image_186.jpg,17,Quinn
1711,image_187.jpg,11,Twitch
1715,image_188.jpg,23,Warwick
1730,image_189.jpg,10,Singed
1731,image_190.jpg,10,Singed
1738,image_191.jpg,5,Illaoi
1739,image_192.jpg,2,Camille
1753,image_193.jpg,28,Gangplank
1757,image_194.jpg,17,Quinn
1770,image_195.jpg,14,Blitzcrank
1783,image_196.jpg,65,Garen
1787,image_197.jpg,30,Leona
1788,image_198.jpg,7,Kassadin
1789,image_199.jpg,9,Poppy
1962,image_200.jpg,5,Illaoi
1963,image_201.jpg,2,Camille
1977,image_202.jpg,28,Gangplank
1979,image_203.jpg,28,Gangplank
1981,image_204.jpg,17,Quinn
1982,image_205.jpg,80,Urgot
1993,image_206.jpg,32,Malzahar
1994,image_207.jpg,77,Lux
1999,image_208.jpg,26,Cho'Gath
2000,image_209.jpg,50,Vi
2011,image_210.jpg,7,Kassadin
2523,image_211.jpg,51,Galio
2541,image_212.jpg,17,Quinn
2542,image_213.jpg,79,Sion
2543,image_214.jpg,17,Quinn
2544,image_215.jpg,74,Taric
2551,image_216.jpg,68,Tristana
2566,image_217.jpg,78,Fiora
2572,image_218.jpg,50,Vi
2915,image_219.jpg,51,Galio
2933,image_220.jpg,78,Fiora
2934,image_221.jpg,79,Sion
2935,image_222.jpg,48,Seraphine
2936,image_223.jpg,74,Taric
2937,image_224.jpg,52,Jayce
2938,image_225.jpg,83,Yuumi
2940,image_226.jpg,17,Quinn
2946,image_227.jpg,54,Kai'Sa
2962,image_228.jpg,23,Warwick
2964,image_229.jpg,50,Vi
2965,image_230.jpg,78,Fiora
2967,image_231.jpg,81,Yone
3027,image_232.jpg,51,Galio
3045,image_233.jpg,78,Fiora
3046,image_234.jpg,79,Sion
3047,image_235.jpg,48,Seraphine
3048,image_236.jpg,74,Taric
3049,image_237.jpg,52,Jayce
3050,image_238.jpg,83,Yuumi
3054,image_239.jpg,79,Sion
3055,image_240.jpg,20,Swain
3056,image_241.jpg,22,Talon
3058,image_242.jpg,14,Blitzcrank
3069,image_243.jpg,51,Galio
3076,image_244.jpg,37,Vex
3195,image_245.jpg,51,Galio
3213,image_246.jpg,78,Fiora
3214,image_247.jpg,79,Sion
3216,image_248.jpg,58,Viktor
3217,image_249.jpg,52,Jayce
3218,image_250.jpg,83,Yuumi
3220,image_251.jpg,14,Blitzcrank
3221,image_252.jpg,9,Poppy
3222,image_253.jpg,30,Leona
3224,image_254.jpg,41,Braum
3225,image_255.jpg,3,Darius
3229,image_256.jpg,51,Galio
29738,image_257.jpg,14,Blitzcrank
29739,image_258.jpg,9,Poppy
29753,image_259.jpg,37,Vex
29755,image_260.jpg,70,Heimerdinger
29756,image_261.jpg,16,Lulu
29757,image_262.jpg,12,Ziggs
29758,image_263.jpg,68,Tristana
29766,image_264.jpg,63,Twisted Fate
29769,image_265.jpg,25,Zyra
29775,image_266.jpg,3,Darius
29787,image_267.jpg,73,Shaco
29788,image_268.jpg,27,Ekko
29789,image_269.jpg,22,Talon
29791,image_270.jpg,11,Twitch
29850,image_271.jpg,14,Blitzcrank
29851,image_272.jpg,9,Poppy
29867,image_273.jpg,70,Heimerdinger
29868,image_274.jpg,16,Lulu
29869,image_275.jpg,12,Ziggs
29870,image_276.jpg,68,Tristana
29871,image_277.jpg,37,Vex
29877,image_278.jpg,24,Zilean
29878,image_279.jpg,4,Ezreal
29880,image_280.jpg,11,Twitch
29898,image_281.jpg,2,Camille
29899,image_282.jpg,10,Singed
29900,image_283.jpg,23,Warwick
29901,image_284.jpg,60,Mechanical Scarab
29906,image_285.jpg,14,Blitzcrank
29907,image_286.jpg,9,Poppy
29923,image_287.jpg,70,Heimerdinger
29924,image_288.jpg,16,Lulu
29925,image_289.jpg,12,Ziggs
29926,image_290.jpg,68,Tristana
29927,image_291.jpg,37,Vex
29932,image_292.jpg,72,Samira
29933,image_293.jpg,44,Jhin
29937,image_294.jpg,17,Quinn
29953,image_295.jpg,23,Warwick
29955,image_296.jpg,81,Yone
29957,image_297.jpg,2,Camille
29958,image_298.jpg,78,Fiora
30130,image_299.jpg,37,Vex
30131,image_300.jpg,9,Poppy
30132,image_301.jpg,14,Blitzcrank
30146,image_302.jpg,16,Lulu
30148,image_303.jpg,70,Heimerdinger
30149,image_304.jpg,76,Janna
30150,image_305.jpg,68,Tristana
30155,image_306.jpg,12,Ziggs
30160,image_307.jpg,32,Malzahar
30161,image_308.jpg,1,Caitlyn
30162,image_309.jpg,67,Kog'Maw
30165,image_310.jpg,64,Graves
30180,image_311.jpg,7,Kassadin
30181,image_312.jpg,75,Dr. Mundo
30183,image_313.jpg,65,Garen
30186,image_314.jpg,37,Vex
30187,image_315.jpg,9,Poppy
30188,image_316.jpg,14,Blitzcrank
30202,image_317.jpg,16,Lulu
30204,image_318.jpg,70,Heimerdinger
30205,image_319.jpg,76,Janna
30206,image_320.jpg,68,Tristana
30211,image_321.jpg,12,Ziggs
30212,image_322.jpg,70,Heimerdinger
30213,image_323.jpg,24,Zilean
30214,image_324.jpg,4,Ezreal
30220,image_325.jpg,27,Ekko
30225,image_326.jpg,11,Twitch
30236,image_327.jpg,10,Singed
30436,image_328.jpg,32,Malzahar
30437,image_329.jpg,75,Dr. Mundo
30438,image_330.jpg,1,Caitlyn
30442,image_331.jpg,67,Kog'Maw
30457,image_332.jpg,64,Graves
30458,image_333.jpg,7,Kassadin
30459,image_334.jpg,65,Garen
30460,image_335.jpg,56,Tahm Kench
30522,image_336.jpg,37,Vex
30523,image_337.jpg,9,Poppy
30524,image_338.jpg,41,Braum
30538,image_339.jpg,16,Lulu
30540,image_340.jpg,70,Heimerdinger
30541,image_341.jpg,76,Janna
30542,image_342.jpg,68,Tristana
30546,image_343.jpg,12,Ziggs
30547,image_344.jpg,44,Jhin
30548,image_345.jpg,48,Seraphine
30549,image_346.jpg,54,Kai'Sa
30554,image_347.jpg,7,Kassadin
30570,image_348.jpg,74,Taric
30571,image_349.jpg,26,Cho'Gath
30572,image_350.jpg,51,Galio
30858,image_351.jpg,41,Braum
30859,image_352.jpg,9,Poppy
30860,image_353.jpg,37,Vex
30876,image_354.jpg,16,Lulu
30877,image_355.jpg,57,Veigar
30882,image_356.jpg,12,Ziggs
30883,image_357.jpg,68,Tristana
30886,image_358.jpg,17,Quinn
30889,image_359.jpg,54,Kai'Sa
30890,image_360.jpg,44,Jhin
30906,image_361.jpg,23,Warwick
30907,image_362.jpg,78,Fiora
30908,image_363.jpg,52,Jayce
30909,image_364.jpg,81,Yone
30910,image_365.jpg,2,Camille
42003,image_366.jpg,62,Mechanical Dragon
42004,image_367.jpg,71,Lissandra
42005,image_368.jpg,10,Singed
42019,image_369.jpg,52,Jayce
42020,image_370.jpg,24,Zilean
42023,image_371.jpg,46,Orianna
42024,image_372.jpg,70,Heimerdinger
42025,image_373.jpg,76,Janna
42026,image_374.jpg,4,Ezreal
42027,image_375.jpg,48,Seraphine
42028,image_376.jpg,63,Twisted Fate
42031,image_377.jpg,66,Katarina
42043,image_378.jpg,83,Yuumi
42044,image_379.jpg,73,Shaco
42046,image_380.jpg,27,Ekko
42048,image_381.jpg,25,Zyra
42050,image_382.jpg,3,Darius
42052,image_383.jpg,41,Braum
42059,image_384.jpg,62,Mechanical Dragon
42060,image_385.jpg,71,Lissandra
42061,image_386.jpg,76,Janna
42062,image_387.jpg,10,Singed
42076,image_388.jpg,24,Zilean
42079,image_389.jpg,46,Orianna
42080,image_390.jpg,70,Heimerdinger
42081,image_391.jpg,52,Jayce
42082,image_392.jpg,4,Ezreal
42083,image_393.jpg,48,Seraphine
42084,image_394.jpg,48,Seraphine
42086,image_395.jpg,50,Vi
42089,image_396.jpg,30,Leona
42092,image_397.jpg,30,Leona
42098,image_398.jpg,81,Yone
42100,image_399.jpg,76,Janna
42106,image_400.jpg,41,Braum
42107,image_401.jpg,78,Fiora
42108,image_402.jpg,74,Taric
76049,image_403.jpg,27,Ekko
76051,image_404.jpg,22,Talon
76053,image_405.jpg,82,Akali
76061,image_406.jpg,3,Darius
76062,image_407.jpg,63,Twisted Fate
76065,image_408.jpg,2,Camille
76070,image_409.jpg,41,Braum
76073,image_410.jpg,73,Shaco
76076,image_411.jpg,77,Lux
76077,image_412.jpg,66,Katarina
76078,image_413.jpg,53,Jinx
76083,image_414.jpg,64,Graves
76084,image_415.jpg,28,Gangplank
76085,image_416.jpg,80,Urgot
76099,image_417.jpg,30,Leona
76100,image_418.jpg,81,Yone
76101,image_419.jpg,65,Garen
76553,image_420.jpg,82,Akali
76555,image_421.jpg,22,Talon
76557,image_422.jpg,27,Ekko
76565,image_423.jpg,3,Darius
76566,image_424.jpg,25,Zyra
76569,image_425.jpg,41,Braum
76574,image_426.jpg,63,Twisted Fate
76577,image_427.jpg,46,Orianna
76579,image_428.jpg,73,Shaco
76581,image_429.jpg,79,Sion
76582,image_430.jpg,14,Blitzcrank
76584,image_431.jpg,26,Cho'Gath
76585,image_432.jpg,65,Garen
76586,image_433.jpg,7,Kassadin
120755,image_434.jpg,20,Swain
120757,image_435.jpg,8,Nocturne
120758,image_436.jpg,19,Sejuani
120759,image_437.jpg,40,Alistar
120760,image_438.jpg,6,Jarvan IV
120761,image_439.jpg,50,Vi
120762,image_440.jpg,58,Viktor
120763,image_441.jpg,31,Lucian
120764,image_442.jpg,21,Syndra
120773,image_443.jpg,55,Silco
120778,image_444.jpg,8,Nocturne
120779,image_445.jpg,22,Talon
120780,image_446.jpg,45,Kha'Zix
120781,image_447.jpg,27,Ekko
120788,image_448.jpg,30,Leona
120789,image_449.jpg,14,Blitzcrank
120923,image_450.jpg,20,Swain
120924,image_451.jpg,31,Lucian
120926,image_452.jpg,19,Sejuani
120927,image_453.jpg,40,Alistar
120928,image_454.jpg,50,Vi
120929,image_455.jpg,6,Jarvan IV
120930,image_456.jpg,58,Viktor
120931,image_457.jpg,49,Sivir
120932,image_458.jpg,21,Syndra
120941,image_459.jpg,55,Silco
120946,image_460.jpg,8,Nocturne
120950,image_461.jpg,22,Talon
120951,image_462.jpg,45,Kha'Zix
120952,image_463.jpg,27,Ekko
120956,image_464.jpg,30,Leona
120957,image_465.jpg,14,Blitzcrank
134400,image_466.jpg,36,Tryndamere
134401,image_467.jpg,18,Rek'Sai
134402,image_468.jpg,23,Warwick
134403,image_469.jpg,7,Kassadin
134404,image_470.jpg,38,Zac
134407,image_471.jpg,47,Renata
134421,image_472.jpg,32,Malzahar
134427,image_473.jpg,45,Kha'Zix
134432,image_474.jpg,30,Leona
134433,image_475.jpg,59,Zeri
134434,image_476.jpg,46,Orianna
134450,image_477.jpg,56,Tahm Kench
134451,image_478.jpg,52,Jayce
134452,image_479.jpg,34,Morgana
134453,image_480.jpg,41,Braum
134454,image_481.jpg,50,Vi
134512,image_482.jpg,36,Tryndamere
134513,image_483.jpg,18,Rek'Sai
134514,image_484.jpg,23,Warwick
134515,image_485.jpg,7,Kassadin
134516,image_486.jpg,38,Zac
134519,image_487.jpg,47,Renata
134533,image_488.jpg,32,Malzahar
134535,image_489.jpg,45,Kha'Zix
134540,image_490.jpg,21,Syndra
134541,image_491.jpg,42,Draven
134543,image_492.jpg,59,Zeri
134544,image_493.jpg,2,Camille
134545,image_494.jpg,44,Jhin
134553,image_495.jpg,0,Brand
134563,image_496.jpg,30,Leona
134680,image_497.jpg,36,Tryndamere
134681,image_498.jpg,18,Rek'Sai
134682,image_499.jpg,7,Kassadin
134683,image_500.jpg,38,Zac
134687,image_501.jpg,47,Renata
134688,image_502.jpg,54,Kai'Sa
134701,image_503.jpg,58,Viktor
134706,image_504.jpg,45,Kha'Zix
134708,image_505.jpg,21,Syndra
134709,image_506.jpg,42,Draven
134711,image_507.jpg,59,Zeri
134713,image_508.jpg,44,Jhin
134720,image_509.jpg,0,Brand
134724,image_510.jpg,55,Silco
134730,image_511.jpg,41,Braum
134731,image_512.jpg,30,Leona
166882,image_513.jpg,38,Zac
166883,image_514.jpg,10,Singed
166894,image_515.jpg,11,Twitch
166903,image_516.jpg,8,Nocturne
166905,image_517.jpg,8,Nocturne
166915,image_518.jpg,32,Malzahar
166929,image_519.jpg,7,Kassadin
166930,image_520.jpg,18,Rek'Sai
166931,image_521.jpg,5,Illaoi
166938,image_522.jpg,38,Zac
166939,image_523.jpg,36,Tryndamere
166940,image_524.jpg,23,Warwick
166941,image_525.jpg,10,Singed
166963,image_526.jpg,11,Twitch
166987,image_527.jpg,18,Rek'Sai
166988,image_528.jpg,6,Jarvan IV
166989,image_529.jpg,14,Blitzcrank
166990,image_530.jpg,29,Gnar
166991,image_531.jpg,4,Ezreal
167051,image_532.jpg,38,Zac
167052,image_533.jpg,36,Tryndamere
167053,image_534.jpg,10,Singed
167070,image_535.jpg,8,Nocturne
167075,image_536.jpg,11,Twitch
167098,image_537.jpg,18,Rek'Sai
167099,image_538.jpg,23,Warwick
167100,image_539.jpg,30,Leona
167101,image_540.jpg,36,Tryndamere
167102,image_541.jpg,38,Zac
167163,image_542.jpg,38,Zac
167164,image_543.jpg,28,Gangplank
167165,image_544.jpg,10,Singed
167182,image_545.jpg,8,Nocturne
167186,image_546.jpg,31,Lucian
167187,image_547.jpg,11,Twitch
167188,image_548.jpg,17,Quinn
167189,image_549.jpg,49,Sivir
167190,image_550.jpg,33,Miss Fortune
167191,image_551.jpg,36,Tryndamere
167204,image_552.jpg,26,Cho'Gath
167219,image_553.jpg,38,Zac
167220,image_554.jpg,28,Gangplank
167221,image_555.jpg,10,Singed
167238,image_556.jpg,8,Nocturne
167242,image_557.jpg,31,Lucian
167243,image_558.jpg,11,Twitch
167244,image_559.jpg,24,Zilean
167245,image_560.jpg,8,Nocturne
167246,image_561.jpg,4,Ezreal
167249,image_562.jpg,27,Ekko
167265,image_563.jpg,84,Target Dummy
167266,image_564.jpg,2,Camille
167267,image_565.jpg,60,Mechanical Scarab
167269,image_566.jpg,84,Target Dummy
167275,image_567.jpg,38,Zac
167276,image_568.jpg,28,Gangplank
167277,image_569.jpg,10,Singed
167294,image_570.jpg,8,Nocturne
167306,image_571.jpg,19,Sejuani
167310,image_572.jpg,29,Gnar
167313,image_573.jpg,32,Malzahar
167325,image_574.jpg,7,Kassadin
167326,image_575.jpg,18,Rek'Sai
167327,image_576.jpg,20,Swain
167356,image_577.jpg,21,Syndra
167359,image_578.jpg,22,Talon
167361,image_579.jpg,21,Syndra
167362,image_580.jpg,0,Brand
167363,image_581.jpg,7,Kassadin
167380,image_582.jpg,30,Leona
167442,image_583.jpg,23,Warwick
167443,image_584.jpg,38,Zac
167444,image_585.jpg,28,Gangplank
167445,image_586.jpg,10,Singed
167446,image_587.jpg,36,Tryndamere
167466,image_588.jpg,31,Lucian
167467,image_589.jpg,11,Twitch
167490,image_590.jpg,29,Gnar
167491,image_591.jpg,18,Rek'Sai
167492,image_592.jpg,6,Jarvan IV
167493,image_593.jpg,14,Blitzcrank
167494,image_594.jpg,43,Irelia
167495,image_595.jpg,27,Ekko
167946,image_596.jpg,7,Kassadin
167947,image_597.jpg,36,Tryndamere
167948,image_598.jpg,38,Zac
167949,image_599.jpg,56,Tahm Kench
167950,image_600.jpg,23,Warwick
167956,image_601.jpg,47,Renata
167957,image_602.jpg,47,Renata
167971,image_603.jpg,58,Viktor
167972,image_604.jpg,22,Talon
167976,image_605.jpg,36,Tryndamere
167977,image_606.jpg,42,Draven
167978,image_607.jpg,23,Warwick
167989,image_608.jpg,47,Renata
167991,image_609.jpg,54,Kai'Sa
168352,image_610.jpg,36,Tryndamere
168353,image_611.jpg,56,Tahm Kench
168354,image_612.jpg,38,Zac
168355,image_613.jpg,23,Warwick
168356,image_614.jpg,7,Kassadin
168360,image_615.jpg,58,Viktor
168361,image_616.jpg,47,Renata
168362,image_617.jpg,47,Renata
168363,image_618.jpg,58,Viktor
168383,image_619.jpg,53,Jinx
168384,image_620.jpg,4,Ezreal
168386,image_621.jpg,29,Gnar
168387,image_622.jpg,56,Tahm Kench
168388,image_623.jpg,6,Jarvan IV
168389,image_624.jpg,14,Blitzcrank
168390,image_625.jpg,43,Irelia
168391,image_626.jpg,27,Ekko
168394,image_627.jpg,36,Tryndamere
168395,image_628.jpg,23,Warwick
168396,image_629.jpg,38,Zac
168397,image_630.jpg,56,Tahm Kench
168398,image_631.jpg,47,Renata
168404,image_632.jpg,58,Viktor
168405,image_633.jpg,47,Renata
168412,image_634.jpg,55,Silco
168419,image_635.jpg,58,Viktor
168423,image_636.jpg,54,Kai'Sa
168426,image_637.jpg,22,Talon
168434,image_638.jpg,42,Draven
168440,image_639.jpg,36,Tryndamere
168441,image_640.jpg,47,Renata
168443,image_641.jpg,23,Warwick
168444,image_642.jpg,30,Leona
168445,image_643.jpg,41,Braum
184803,image_644.jpg,14,Blitzcrank
184821,image_645.jpg,12,Ziggs
184822,image_646.jpg,16,Lulu
184823,image_647.jpg,37,Vex
184824,image_648.jpg,3,Darius
184833,image_649.jpg,25,Zyra
184834,image_650.jpg,13,Ashe
184852,image_651.jpg,3,Darius
184854,image_652.jpg,9,Poppy
184859,image_653.jpg,14,Blitzcrank
184877,image_654.jpg,12,Ziggs
184878,image_655.jpg,16,Lulu
184879,image_656.jpg,37,Vex
184888,image_657.jpg,12,Ziggs
184889,image_658.jpg,32,Malzahar
184890,image_659.jpg,0,Brand
184908,image_660.jpg,37,Vex
184909,image_661.jpg,9,Poppy
184971,image_662.jpg,14,Blitzcrank
184989,image_663.jpg,12,Ziggs
184990,image_664.jpg,35,Senna
184991,image_665.jpg,16,Lulu
184992,image_666.jpg,37,Vex
184993,image_667.jpg,9,Poppy
184997,image_668.jpg,17,Quinn
184998,image_669.jpg,28,Gangplank
184999,image_670.jpg,17,Quinn
185013,image_671.jpg,5,Illaoi
185017,image_672.jpg,5,Illaoi
185138,image_673.jpg,14,Blitzcrank
185141,image_674.jpg,14,Blitzcrank
185157,image_675.jpg,12,Ziggs
185158,image_676.jpg,35,Senna
185159,image_677.jpg,16,Lulu
185160,image_678.jpg,37,Vex
185161,image_679.jpg,9,Poppy
185164,image_680.jpg,21,Syndra
185165,image_681.jpg,25,Zyra
185170,image_682.jpg,9,Poppy
185181,image_683.jpg,34,Morgana
185186,image_684.jpg,7,Kassadin
185189,image_685.jpg,3,Darius
185194,image_686.jpg,37,Vex
185196,image_687.jpg,14,Blitzcrank
185213,image_688.jpg,12,Ziggs
185214,image_689.jpg,46,Orianna
185215,image_690.jpg,16,Lulu
185216,image_691.jpg,35,Senna
185217,image_692.jpg,34,Morgana
185226,image_693.jpg,32,Malzahar
185242,image_694.jpg,19,Sejuani
185244,image_695.jpg,18,Rek'Sai
185245,image_696.jpg,7,Kassadin
185246,image_697.jpg,6,Jarvan IV
185250,image_698.jpg,37,Vex
185252,image_699.jpg,14,Blitzcrank
185269,image_700.jpg,12,Ziggs
185273,image_701.jpg,34,Morgana
185279,image_702.jpg,12,Ziggs
185281,image_703.jpg,32,Malzahar
185282,image_704.jpg,0,Brand
185299,image_705.jpg,34,Morgana
185300,image_706.jpg,37,Vex
185301,image_707.jpg,9,Poppy
185388,image_708.jpg,21,Syndra
185394,image_709.jpg,35,Senna
185397,image_710.jpg,22,Talon
185401,image_711.jpg,8,Nocturne
185410,image_712.jpg,7,Kassadin
185413,image_713.jpg,30,Leona
185450,image_714.jpg,32,Malzahar
185466,image_715.jpg,19,Sejuani
185468,image_716.jpg,18,Rek'Sai
185469,image_717.jpg,7,Kassadin
185470,image_718.jpg,6,Jarvan IV
185474,image_719.jpg,14,Blitzcrank
185475,image_720.jpg,37,Vex
185490,image_721.jpg,34,Morgana
185493,image_722.jpg,12,Ziggs
185494,image_723.jpg,35,Senna
185495,image_724.jpg,16,Lulu
185496,image_725.jpg,46,Orianna
185497,image_726.jpg,24,Zilean
185500,image_727.jpg,32,Malzahar
185501,image_728.jpg,46,Orianna
185506,image_729.jpg,12,Ziggs
185522,image_730.jpg,34,Morgana
185523,image_731.jpg,37,Vex
185524,image_732.jpg,9,Poppy
185525,image_733.jpg,20,Swain
185530,image_734.jpg,29,Gnar
185531,image_735.jpg,37,Vex
185546,image_736.jpg,34,Morgana
185549,image_737.jpg,12,Ziggs
185550,image_738.jpg,35,Senna
185551,image_739.jpg,16,Lulu
185552,image_740.jpg,46,Orianna
185553,image_741.jpg,24,Zilean
185556,image_742.jpg,21,Syndra
185557,image_743.jpg,25,Zyra
185562,image_744.jpg,13,Ashe
185578,image_745.jpg,41,Braum
185580,image_746.jpg,34,Morgana
185582,image_747.jpg,3,Darius
185642,image_748.jpg,29,Gnar
185643,image_749.jpg,37,Vex
185661,image_750.jpg,46,Orianna
185662,image_751.jpg,35,Senna
185663,image_752.jpg,16,Lulu
185664,image_753.jpg,58,Viktor
185665,image_754.jpg,24,Zilean
185674,image_755.jpg,32,Malzahar
185690,image_756.jpg,19,Sejuani
185692,image_757.jpg,18,Rek'Sai
185693,image_758.jpg,26,Cho'Gath
185780,image_759.jpg,8,Nocturne
185785,image_760.jpg,0,Brand
185786,image_761.jpg,7,Kassadin
185787,image_762.jpg,21,Syndra
185788,image_763.jpg,30,Leona
185789,image_764.jpg,22,Talon
185836,image_765.jpg,21,Syndra
185837,image_766.jpg,25,Zyra
185842,image_767.jpg,13,Ashe
185844,image_768.jpg,34,Morgana
185858,image_769.jpg,41,Braum
185860,image_770.jpg,34,Morgana
185862,image_771.jpg,3,Darius
217784,image_772.jpg,56,Tahm Kench
217785,image_773.jpg,3,Darius
217786,image_774.jpg,34,Morgana
217790,image_775.jpg,41,Braum
217805,image_776.jpg,32,Malzahar
217809,image_777.jpg,13,Ashe
217810,image_778.jpg,25,Zyra
217811,image_779.jpg,39,Ahri
217812,image_780.jpg,46,Orianna
217817,image_781.jpg,48,Seraphine
217818,image_782.jpg,35,Senna
217821,image_783.jpg,55,Silco
217828,image_784.jpg,41,Braum
217829,image_785.jpg,34,Morgana
217830,image_786.jpg,25,Zyra
217831,image_787.jpg,39,Ahri
217836,image_788.jpg,3,Darius
217896,image_789.jpg,41,Braum
217897,image_790.jpg,3,Darius
217898,image_791.jpg,34,Morgana
217902,image_792.jpg,56,Tahm Kench
217917,image_793.jpg,32,Malzahar
217921,image_794.jpg,13,Ashe
217922,image_795.jpg,25,Zyra
217923,image_796.jpg,39,Ahri
217928,image_797.jpg,39,Ahri
217929,image_798.jpg,25,Zyra
217931,image_799.jpg,35,Senna
217932,image_800.jpg,46,Orianna
217941,image_801.jpg,34,Morgana
217948,image_802.jpg,3,Darius
217950,image_803.jpg,41,Braum
