Author,Title,URL,Publish Date,Views,Rating,Keywords,Streams,FPS,Itag
TSM FTX Keane,When A Pro Steps Outside Of His Comfort-zone |TFT |12.5B,https://www.youtube.com/watch?v=CWPBiYKb5lo,2022-03-24,35308,,"['keane', 'keane tft', 'tft', 'teamight tactics', 'faker of tft', 'tsm keane', 'funny', 'moments', 'tft best moments', 'tft highlight', 'tft twitch', 'teamfight tactics guide', 'tft guide', 'how to tft', 'how to climb tft', 'challenger gameplay tft', 'syndra reroll debonair', 'debonair vip', 'tft set 6.5']","<Stream: itag=""135"" mime_type=""video/mp4"" res=""480p"" fps=""30fps"" vcodec=""avc1.4d401f"" progressive=""False"" type=""video"">",30,135
TSM FTX Keane,Perfect Warwick Angle Starter Pack |TFT |12.5B,https://www.youtube.com/watch?v=fIw-lJFDaMk,2022-03-22,48766,,"['keane', 'keane tft', 'tft', 'teamight tactics', 'faker of tft', 'tsm keane', 'funny', 'moments', 'tft best moments', 'tft highlight', 'tft twitch', 'teamfight tactics guide', 'tft guide', 'how to tft', 'how to climb tft', 'challenger gameplay tft', 'warwick chemtech tft', 'tft set 6.5']","<Stream: itag=""135"" mime_type=""video/mp4"" res=""480p"" fps=""30fps"" vcodec=""avc1.4d401f"" progressive=""False"" type=""video"">",30,135
TSM FTX Keane,My First Time Getting Thieving Rascals |TFT |12.5B,https://www.youtube.com/watch?v=CZIlvVvCg0Y,2022-03-19,60981,,"['keane', 'keane tft', 'tft', 'teamight tactics', 'faker of tft', 'tsm keane', 'funny', 'moments', 'tft best moments', 'tft highlight', 'tft twitch', 'teamfight tactics guide', 'tft guide', 'how to tft', 'how to climb tft', 'challenger gameplay tft', 'tft set 6.5', 'thieving rascals', 'tft yordles', 'tft neons nights']","<Stream: itag=""135"" mime_type=""video/mp4"" res=""480p"" fps=""30fps"" vcodec=""avc1.4d401f"" progressive=""False"" type=""video"">",30,135
TSM FTX Keane,The Most Broken Item In HyperCarry Meta |TFT |12.5B,https://www.youtube.com/watch?v=a6hUg64Ei7w,2022-03-18,46039,,"['keane', 'keane tft', 'tft', 'teamight tactics', 'faker of tft', 'tsm keane', 'funny', 'moments', 'tft best moments', 'tft highlight', 'tft twitch', 'teamfight tactics guide', 'tft guide', 'how to tft', 'how to climb tft', 'challenger gameplay tft', 'jhin 3 star tft', 'jhinovator tft', 'tft set 6.5']","<Stream: itag=""135"" mime_type=""video/mp4"" res=""480p"" fps=""30fps"" vcodec=""avc1.4d401f"" progressive=""False"" type=""video"">",30,135
TSM FTX Keane,Committing To Big Vertical Trait Early - 8 Hextech |TFT |12.5B,https://www.youtube.com/watch?v=wlGOIIH90Uk,2022-03-16,41376,,"['keane', 'keane tft', 'tft', 'teamight tactics', 'faker of tft', 'tsm keane', 'funny', 'moments', 'tft best moments', 'tft highlight', 'tft twitch', 'teamfight tactics guide', 'tft guide', 'how to tft', 'how to climb tft', 'challenger gameplay tft', 'hextech comp sivir tft', 'tft set 6.5']","<Stream: itag=""397"" mime_type=""video/mp4"" res=""480p"" fps=""30fps"" vcodec=""av01.0.04M.08"" progressive=""False"" type=""video"">",30,397
TSM FTX Keane,Would You Contest This? |TFT |12.5B,https://www.youtube.com/watch?v=X3C5oyKJedY,2022-03-15,46946,,"['keane', 'keane tft', 'tft', 'teamight tactics', 'faker of tft', 'tsm keane', 'funny', 'moments', 'tft best moments', 'tft highlight', 'tft twitch', 'teamfight tactics guide', 'tft guide', 'how to tft', 'how to climb tft', 'challenger gameplay tft', 'tahm kench tft', 'tft set 6.5', 'tft neon nights', 'tft syndicate ahri']","<Stream: itag=""397"" mime_type=""video/mp4"" res=""480p"" fps=""30fps"" vcodec=""av01.0.04M.08"" progressive=""False"" type=""video"">",30,397
TSM FTX Keane,Gold Printer W/ Socialite Meta |TFT |12.5B,https://www.youtube.com/watch?v=Y15dMxN2m5E,2022-03-14,50603,,"['keane', 'keane tft', 'tft', 'teamight tactics', 'faker of tft', 'tsm keane', 'funny', 'moments', 'tft best moments', 'tft highlight', 'tft twitch', 'teamfight tactics guide', 'tft guide', 'how to tft', 'how to climb tft', 'challenger gameplay tft', 'tft set 6.5', 'twinshot comp', 'socialite meta']","<Stream: itag=""135"" mime_type=""video/mp4"" res=""480p"" fps=""30fps"" vcodec=""avc1.4d401f"" progressive=""False"" type=""video"">",30,135
TSM FTX Keane,Calculated Loss |TFT |12.5B,https://www.youtube.com/watch?v=CeNIglHDeFs,2022-03-11,48841,,"['keane', 'keane tft', 'tft', 'teamight tactics', 'faker of tft', 'tsm keane', 'funny', 'moments', 'tft best moments', 'tft highlight', 'tft twitch', 'teamfight tactics guide', 'tft guide', 'how to tft', 'how to climb tft', 'challenger gameplay tft', 'neon nights tft', 'tft set 6.5']","<Stream: itag=""397"" mime_type=""video/mp4"" res=""480p"" fps=""30fps"" vcodec=""av01.0.04M.08"" progressive=""False"" type=""video"">",30,397
TSM FTX Keane,Flexing Thru Big New Patch |TFT |12.5B,https://www.youtube.com/watch?v=z-Qj71ns3fo,2022-03-10,53610,,"['keane', 'keane tft', 'tft', 'teamight tactics', 'faker of tft', 'tsm keane', 'funny', 'moments', 'tft best moments', 'tft highlight', 'tft twitch', 'teamfight tactics guide', 'tft guide', 'how to tft', 'how to climb tft', 'challenger gameplay tft', 'tft set 6.5']","<Stream: itag=""135"" mime_type=""video/mp4"" res=""480p"" fps=""30fps"" vcodec=""avc1.4d401f"" progressive=""False"" type=""video"">",30,135
TSM FTX Keane,Same Shop By The Way |TFT |12.5,https://www.youtube.com/watch?v=3JlsccealU8,2022-03-09,57709,,"['keane', 'keane tft', 'tft', 'teamight tactics', 'faker of tft', 'tsm keane', 'funny', 'moments', 'tft best moments', 'tft highlight', 'tft twitch', 'teamfight tactics guide', 'tft guide', 'how to tft', 'how to climb tft', 'challenger gameplay tft', 'neon nights', 'tft set 6.5', 'zephyr blitz tft']","<Stream: itag=""397"" mime_type=""video/mp4"" res=""480p"" fps=""30fps"" vcodec=""av01.0.04M.08"" progressive=""False"" type=""video"">",30,397
TSM FTX Keane,Level 9 At Stage 4:5 W/ Recombobulator |TFT |12.5,https://www.youtube.com/watch?v=-4CP8gjzwSM,2022-03-07,79814,,"['keane', 'keane tft', 'tft', 'teamight tactics', 'faker of tft', 'tsm keane', 'funny', 'moments', 'tft best moments', 'tft highlight', 'tft twitch', 'teamfight tactics guide', 'tft guide', 'how to tft', 'how to climb tft', 'challenger gameplay tft', 'tft set 6.5']","<Stream: itag=""397"" mime_type=""video/mp4"" res=""480p"" fps=""30fps"" vcodec=""av01.0.04M.08"" progressive=""False"" type=""video"">",30,397
TSM FTX Keane,"5 Enchanter, 5 Socialite, 100% Bonus Shield |TFT |12.5",https://www.youtube.com/watch?v=rD3vKKeSei0,2022-03-06,54154,,"['keane', 'keane tft', 'tft', 'teamight tactics', 'faker of tft', 'tsm keane', 'funny', 'moments', 'tft best moments', 'tft highlight', 'tft twitch', 'teamfight tactics guide', 'tft guide', 'how to tft', 'how to climb tft', 'challenger gameplay tft', 'neon nights', 'tft set 6.5', 'senna enchanter reroll tft']","<Stream: itag=""397"" mime_type=""video/mp4"" res=""480p"" fps=""30fps"" vcodec=""av01.0.04M.08"" progressive=""False"" type=""video"">",30,397
TSM FTX Keane,Talon Reroll On The New Patch |TFT |12.5,https://www.youtube.com/watch?v=b2gzqFPIUJg,2022-03-04,59576,,"['keane', 'keane tft', 'tft', 'teamight tactics', 'faker of tft', 'tsm keane', 'funny', 'moments', 'tft best moments', 'tft highlight', 'tft twitch', 'teamfight tactics guide', 'tft guide', 'how to tft', 'how to climb tft', 'challenger gameplay tft', 'tft set 6.5', 'neon nights', 'debonair talon tft']","<Stream: itag=""135"" mime_type=""video/mp4"" res=""480p"" fps=""30fps"" vcodec=""avc1.4d401f"" progressive=""False"" type=""video"">",30,135
TSM FTX Keane,I Didn't Know Manazane Worked Like This |TFT |12.5,https://www.youtube.com/watch?v=BRSpbVg6K3U,2022-03-03,75209,,"['keane', 'keane tft', 'tft', 'teamight tactics', 'faker of tft', 'tsm keane', 'funny', 'moments', 'tft best moments', 'tft highlight', 'tft twitch', 'teamfight tactics guide', 'tft guide', 'how to tft', 'how to climb tft', 'challenger gameplay tft', 'tft set 6.5', 'tft neon nights', 'ahri tft syndicate']","<Stream: itag=""397"" mime_type=""video/mp4"" res=""480p"" fps=""30fps"" vcodec=""av01.0.04M.08"" progressive=""False"" type=""video"">",30,397
TSM FTX Keane,The End Of The Plague |TFT |12.4B,https://www.youtube.com/watch?v=0rPdmEHuFMU,2022-03-03,29100,,"['keane', 'keane tft', 'tft', 'teamight tactics', 'faker of tft', 'tsm keane', 'funny', 'moments', 'tft best moments', 'tft highlight', 'tft twitch', 'teamfight tactics guide', 'tft guide', 'how to tft', 'how to climb tft', 'challenger gameplay tft', 'twitch innovator', 'tft set 6.5']","<Stream: itag=""397"" mime_type=""video/mp4"" res=""480p"" fps=""30fps"" vcodec=""av01.0.04M.08"" progressive=""False"" type=""video"">",30,397
TSM FTX Keane,The Rat Pyramid |TFT |12.4B,https://www.youtube.com/watch?v=DRSCQdaFWZQ,2022-03-02,42921,,"['keane', 'keane tft', 'tft', 'teamight tactics', 'faker of tft', 'tsm keane', 'funny', 'moments', 'tft best moments', 'tft highlight', 'tft twitch', 'teamfight tactics guide', 'tft guide', 'how to tft', 'how to climb tft', 'challenger gameplay tft', 'twitch innovator', 'set 6.5 tft']","<Stream: itag=""135"" mime_type=""video/mp4"" res=""480p"" fps=""30fps"" vcodec=""avc1.4d401f"" progressive=""False"" type=""video"">",30,135
TSM FTX Keane,Twitch/Innovators - But Only Twitch Is 3 Star |TFT |12.4B,https://www.youtube.com/watch?v=JgA2nRCxL3o,2022-03-01,26605,,"['keane', 'keane tft', 'tft', 'teamight tactics', 'faker of tft', 'tsm keane', 'funny', 'moments', 'tft best moments', 'tft highlight', 'tft twitch', 'teamfight tactics guide', 'tft guide', 'how to tft', 'how to climb tft', 'challenger gameplay tft', 'set 6.5 tft', 'twitch innovator reroll tft']","<Stream: itag=""135"" mime_type=""video/mp4"" res=""480p"" fps=""30fps"" vcodec=""avc1.4d401f"" progressive=""False"" type=""video"">",30,135
TSM FTX Keane,Twitch/Innovator - But When You Actually Hit |TFT |12.4B,https://www.youtube.com/watch?v=GNWwWTr-8tc,2022-03-01,61326,,"['keane', 'keane tft', 'tft', 'teamight tactics', 'faker of tft', 'tsm keane', 'funny', 'moments', 'tft best moments', 'tft highlight', 'tft twitch', 'teamfight tactics guide', 'tft guide', 'how to tft', 'how to climb tft', 'challenger gameplay tft', 'neon nights tft', 'tft set 6.5', 'innovator twitch tft']","<Stream: itag=""397"" mime_type=""video/mp4"" res=""480p"" fps=""30fps"" vcodec=""av01.0.04M.08"" progressive=""False"" type=""video"">",30,397
TSM FTX Keane,Highrolling My Favorite Angle On The New B-Patch |TFT |12.4B,https://www.youtube.com/watch?v=vUtxPWnsvCo,2022-02-26,70614,,"['keane', 'keane tft', 'tft', 'teamight tactics', 'faker of tft', 'tsm keane', 'funny', 'moments', 'tft best moments', 'tft highlight', 'tft twitch', 'teamfight tactics guide', 'tft guide', 'how to tft', 'how to climb tft', 'challenger gameplay tft', 'neon nights tft', 'set 6.5']","<Stream: itag=""397"" mime_type=""video/mp4"" res=""480p"" fps=""30fps"" vcodec=""av01.0.04M.08"" progressive=""False"" type=""video"">",30,397
TSM FTX Keane,"I Tried A New Comp, On The New B-Patch |TFT |12.4B",https://www.youtube.com/watch?v=GJGfNwzgWT8,2022-02-25,49631,,"['keane', 'keane tft', 'tft', 'teamight tactics', 'faker of tft', 'tsm keane', 'funny', 'moments', 'tft best moments', 'tft highlight', 'tft twitch', 'teamfight tactics guide', 'tft guide', 'how to tft', 'how to climb tft', 'challenger gameplay tft', 'neon nights', 'tft set 6.5', 'debonair']","<Stream: itag=""397"" mime_type=""video/mp4"" res=""480p"" fps=""30fps"" vcodec=""av01.0.04M.08"" progressive=""False"" type=""video"">",30,397
TSM FTX Keane,5 Twinshots With Sharpshooter Augment |TFT |12.4,https://www.youtube.com/watch?v=h9VTVmp6Kpo,2022-02-23,77354,,"['keane', 'keane tft', 'tft', 'teamight tactics', 'faker of tft', 'tsm keane', 'funny', 'moments', 'tft best moments', 'tft highlight', 'tft twitch', 'teamfight tactics guide', 'tft guide', 'how to tft', 'how to climb tft', 'challenger gameplay tft', 'tft set 6.5', 'neon nights']","<Stream: itag=""135"" mime_type=""video/mp4"" res=""480p"" fps=""30fps"" vcodec=""avc1.4d401f"" progressive=""False"" type=""video"">",30,135
TSM FTX Keane,"Everybody's Favorite Duo, Right? |TFT |12.4",https://www.youtube.com/watch?v=5X4K4xb3h68,2022-02-22,40402,,"['keane', 'keane tft', 'tft', 'teamight tactics', 'faker of tft', 'tsm keane', 'funny', 'moments', 'tft best moments', 'tft highlight', 'tft twitch', 'teamfight tactics guide', 'tft guide', 'how to tft', 'how to climb tft', 'challenger gameplay tft', 'renata bruisers']","<Stream: itag=""397"" mime_type=""video/mp4"" res=""480p"" fps=""30fps"" vcodec=""av01.0.04M.08"" progressive=""False"" type=""video"">",30,397
TSM FTX Keane,How A Challenger Plays A Highroll Game | SET 6.5 RANKED | TFT P. 12.4,https://www.youtube.com/watch?v=ap-JInvdwy0,2022-02-20,82566,,"['keane', 'keane tft', 'tft', 'teamight tactics', 'faker of tft', 'tsm keane', 'funny', 'moments', 'tft best moments', 'tft highlight', 'tft twitch', 'teamfight tactics guide', 'tft guide', 'how to tft', 'how to climb tft', 'challenger gameplay tft', 'neon nights', 'tft set 6.5', 'tft share the spotlighyt']","<Stream: itag=""397"" mime_type=""video/mp4"" res=""480p"" fps=""30fps"" vcodec=""av01.0.04M.08"" progressive=""False"" type=""video"">",30,397
TSM FTX Keane,Don't Fear To Run Tryndamere | SET 6.5 RANKED | TFT P. 12.4,https://www.youtube.com/watch?v=NgCRkv97oiE,2022-02-19,58503,,"['keane', 'keane tft', 'tft', 'teamight tactics', 'faker of tft', 'tsm keane', 'funny', 'moments', 'tft best moments', 'tft highlight', 'tft twitch', 'teamfight tactics guide', 'tft guide', 'how to tft', 'how to climb tft', 'challenger gameplay tft', 'tft set 6.5 gameplay', 'tft neon nights', 'tft tryndamere reroll']","<Stream: itag=""397"" mime_type=""video/mp4"" res=""480p"" fps=""30fps"" vcodec=""av01.0.04M.08"" progressive=""False"" type=""video"">",30,397
TSM FTX Keane,Hitting Master W/ Reroll Sniper Senna/Ashe | SET 6.5 RANKED | TFT P. 12.4,https://www.youtube.com/watch?v=bh3E5wt5EMk,2022-02-17,69175,,"['keane', 'keane tft', 'tft', 'teamight tactics', 'faker of tft', 'tsm keane', 'funny', 'moments', 'tft best moments', 'tft highlight', 'tft twitch', 'teamfight tactics guide', 'tft guide', 'how to tft', 'how to climb tft', 'challenger gameplay tft', 'tft set 6.5 gameplay', 'neon nights', 'ashe syndicate reroll']","<Stream: itag=""397"" mime_type=""video/mp4"" res=""480p"" fps=""30fps"" vcodec=""av01.0.04M.08"" progressive=""False"" type=""video"">",30,397
TSM FTX Keane,"He Claps, She Zaps - Clapio/Zapio | TFT SET 6.5 | 12.4 PBE",https://www.youtube.com/watch?v=tK7ZACQ-fdk,2022-02-16,50234,,"['keane', 'keane tft', 'tft', 'teamight tactics', 'faker of tft', 'tsm keane', 'funny', 'moments', 'tft best moments', 'tft highlight', 'tft twitch', 'teamfight tactics guide', 'tft guide', 'how to tft', 'how to climb tft', 'challenger gameplay tft', 'tft set 6.5', 'neon nights tft']","<Stream: itag=""397"" mime_type=""video/mp4"" res=""480p"" fps=""30fps"" vcodec=""av01.0.04M.08"" progressive=""False"" type=""video"">",30,397
TSM FTX Keane,DAY 2 PART 2 - OCE MID-SET INVITATIONAL | 4-6/6 GAMES | TFT SET 6.0 | 12.3,https://www.youtube.com/watch?v=rZA6kkOaveM,2022-02-14,34092,,"['keane', 'keane tft', 'tft', 'teamight tactics', 'faker of tft', 'tsm keane', 'funny', 'moments', 'tft best moments', 'tft highlight', 'tft twitch', 'teamfight tactics guide', 'tft guide', 'how to tft', 'how to climb tft', 'challenger gameplay tft', 'tft set 6 gameplay', 'tft G&G', 'gizmos and gadgets']","<Stream: itag=""397"" mime_type=""video/mp4"" res=""480p"" fps=""30fps"" vcodec=""av01.0.04M.08"" progressive=""False"" type=""video"">",30,397
TSM FTX Keane,DAY 2 PART 1 - OCE MID-SET INVITATIONAL | 1-3/6 GAMES | TFT SET 6.0 | 12.3,https://www.youtube.com/watch?v=IeX-lHe11ik,2022-02-14,41236,,"['keane', 'keane tft', 'tft', 'teamight tactics', 'faker of tft', 'tsm keane', 'funny', 'moments', 'tft best moments', 'tft highlight', 'tft twitch', 'teamfight tactics guide', 'tft guide', 'how to tft', 'how to climb tft', 'challenger gameplay tft', 'tft set 6 gameplay', 'tft G&G', 'gizmos and gadgets', 'msi oce set 6 tft']","<Stream: itag=""397"" mime_type=""video/mp4"" res=""480p"" fps=""30fps"" vcodec=""av01.0.04M.08"" progressive=""False"" type=""video"">",30,397
TSM FTX Keane,DAY 1 PART 2 - OCE MID-SET INVITATIONAL | 4-6/6 GAMES | TFT SET 6.0 | 12.3,https://www.youtube.com/watch?v=0LI1Pj-vWYY,2022-02-12,35598,,"['keane', 'keane tft', 'tft', 'teamight tactics', 'faker of tft', 'tsm keane', 'funny', 'moments', 'tft best moments', 'tft highlight', 'tft twitch', 'teamfight tactics guide', 'tft guide', 'how to tft', 'how to climb tft', 'challenger gameplay tft', 'tft set 6 gameplay', 'tft G&G', 'gizmos and gadgets', 'tft oce msi']","<Stream: itag=""397"" mime_type=""video/mp4"" res=""480p"" fps=""30fps"" vcodec=""av01.0.04M.08"" progressive=""False"" type=""video"">",30,397
TSM FTX Keane,DAY 1 PART 1 - OCE MID-SET INVITATIONAL | 1-3/6 GAMES | TFT SET 6.0 | 12.3,https://www.youtube.com/watch?v=YK6Nc7NaxwY,2022-02-11,38578,,"['keane', 'keane tft', 'tft', 'teamight tactics', 'faker of tft', 'tsm keane', 'funny', 'moments', 'tft best moments', 'tft highlight', 'tft twitch', 'teamfight tactics guide', 'tft guide', 'how to tft', 'how to climb tft', 'challenger gameplay tft', 'tft set 6 gameplay', 'tft G&G', 'gizmos and gadgets', 'tft oce mid set invitational set 6']","<Stream: itag=""397"" mime_type=""video/mp4"" res=""480p"" fps=""30fps"" vcodec=""av01.0.04M.08"" progressive=""False"" type=""video"">",30,397
TSM FTX Keane,Three One-Costs Walk Into A Bar | TFT SET 6.0 | 12.3,https://www.youtube.com/watch?v=88lmRbZd2eI,2022-02-09,46426,,"['keane', 'keane tft', 'tft', 'teamight tactics', 'faker of tft', 'tsm keane', 'funny', 'moments', 'tft best moments', 'tft highlight', 'tft twitch', 'teamfight tactics guide', 'tft guide', 'how to tft', 'how to climb tft', 'challenger gameplay tft', 'tft set 6 gameplay', 'tft G&G', 'gizmos and gadgets', 'twitch reroll']","<Stream: itag=""397"" mime_type=""video/mp4"" res=""480p"" fps=""30fps"" vcodec=""av01.0.04M.08"" progressive=""False"" type=""video"">",30,397
TSM FTX Keane,How A Challenger Plays All Spatula Opener | TFT SET 6.0 | 12.3,https://www.youtube.com/watch?v=kaRCBEIoDRg,2022-02-08,74936,,"['keane', 'keane tft', 'tft', 'teamight tactics', 'faker of tft', 'tsm keane', 'funny', 'moments', 'tft best moments', 'tft highlight', 'tft twitch', 'teamfight tactics guide', 'tft guide', 'how to tft', 'how to climb tft', 'challenger gameplay tft', 'tft set 6 gameplay', 'tft G&G', 'gizmos and gadgets']","<Stream: itag=""397"" mime_type=""video/mp4"" res=""480p"" fps=""30fps"" vcodec=""av01.0.04M.08"" progressive=""False"" type=""video"">",30,397
TSM FTX Keane,"If I Lose This, I Quit TFT (Jk) | TFT SET 6.0 | 12.3",https://www.youtube.com/watch?v=42UzNwHUGCY,2022-02-07,48655,,"['keane', 'keane tft', 'tft', 'teamight tactics', 'faker of tft', 'tsm keane', 'funny', 'moments', 'tft best moments', 'tft highlight', 'tft twitch', 'teamfight tactics guide', 'tft guide', 'how to tft', 'how to climb tft', 'challenger gameplay tft', 'tft set 6 gameplay', 'tft G&G', 'gizmos and gadgets']","<Stream: itag=""397"" mime_type=""video/mp4"" res=""480p"" fps=""30fps"" vcodec=""av01.0.04M.08"" progressive=""False"" type=""video"">",30,397
TSM FTX Keane,2 Cost Carry Syndicate/Sniper Ashe | TFT SET 6.5 | 12.4 PBE,https://www.youtube.com/watch?v=hQWmV_878r0,2022-02-03,62428,,"['keane', 'keane tft', 'tft', 'teamight tactics', 'faker of tft', 'tsm keane', 'funny', 'moments', 'tft best moments', 'tft highlight', 'tft twitch', 'teamfight tactics guide', 'tft guide', 'how to tft', 'how to climb tft', 'challenger gameplay tft', 'tft set 6 gameplay', 'tft set.6.5', 'tft neon nights', 'tft ashe syndicate carry']","<Stream: itag=""397"" mime_type=""video/mp4"" res=""480p"" fps=""30fps"" vcodec=""av01.0.04M.08"" progressive=""False"" type=""video"">",30,397
TSM FTX Keane,Lucian 3 With Giant Egg Augment | TFT SET 6.5 | 12.4 PBE,https://www.youtube.com/watch?v=tAQ-UDTAviE,2022-02-03,84725,,"['keane', 'keane tft', 'tft', 'teamight tactics', 'faker of tft', 'tsm keane', 'funny', 'moments', 'tft best moments', 'tft highlight', 'tft twitch', 'teamfight tactics guide', 'tft guide', 'how to tft', 'how to climb tft', 'challenger gameplay tft', 'tft set 6 gameplay', 'neon nights', 'tft set 6.5']","<Stream: itag=""397"" mime_type=""video/mp4"" res=""480p"" fps=""30fps"" vcodec=""av01.0.04M.08"" progressive=""False"" type=""video"">",30,397
TSM FTX Keane,Zeri Goes ZigZag PewPew | TFT SET 6.5 | 12.4 PBE,https://www.youtube.com/watch?v=OP2q2arPfXY,2022-02-02,57553,,"['keane', 'keane tft', 'tft', 'teamight tactics', 'faker of tft', 'tsm keane', 'funny', 'moments', 'tft best moments', 'tft highlight', 'tft twitch', 'teamfight tactics guide', 'tft guide', 'how to tft', 'how to climb tft', 'challenger gameplay tft', 'tft set 6 gameplay', 'tft neon nights', 'tft zeri']","<Stream: itag=""135"" mime_type=""video/mp4"" res=""480p"" fps=""30fps"" vcodec=""avc1.4d401f"" progressive=""False"" type=""video"">",30,135
TSM FTX Keane,Immediate & Infinite Caster Vi | TFT SET 6.0 | 12.2B,https://www.youtube.com/watch?v=7qbM1rnl3FM,2022-02-02,64841,,"['keane', 'keane tft', 'tft', 'teamight tactics', 'faker of tft', 'tsm keane', 'funny', 'moments', 'tft best moments', 'tft highlight', 'tft twitch', 'teamfight tactics guide', 'tft guide', 'how to tft', 'how to climb tft', 'challenger gameplay tft', 'tft set 6 gameplay', 'tft G&G', 'gizmos and gadgets', 'synaptic web mutant', 'mutant vi tft']","<Stream: itag=""135"" mime_type=""video/mp4"" res=""480p"" fps=""30fps"" vcodec=""avc1.4d401f"" progressive=""False"" type=""video"">",30,135
TSM FTX Keane,Goodluck To This Lobby | TFT | 12.2B,https://www.youtube.com/watch?v=SDOCRgck4d8,2022-01-31,92033,,"['keane', 'keane tft', 'tft', 'teamight tactics', 'faker of tft', 'tsm keane', 'funny', 'moments', 'tft best moments', 'tft highlight', 'tft twitch', 'teamfight tactics guide', 'tft guide', 'how to tft', 'how to climb tft', 'challenger gameplay tft', 'tft set 6 gameplay', 'tft G&G', 'gizmos and gadgets', 'mundo tft']","<Stream: itag=""397"" mime_type=""video/mp4"" res=""480p"" fps=""30fps"" vcodec=""av01.0.04M.08"" progressive=""False"" type=""video"">",30,397
TSM FTX Keane,Highroller Augment (DICE) Strategy | TFT | 12.2B,https://www.youtube.com/watch?v=WML0bY8-KSo,2022-01-30,191035,,"['keane', 'keane tft', 'tft', 'teamight tactics', 'faker of tft', 'tsm keane', 'funny', 'moments', 'tft best moments', 'tft highlight', 'tft twitch', 'teamfight tactics guide', 'tft guide', 'how to tft', 'how to climb tft', 'challenger gameplay tft', 'tft set 6 gameplay', 'tft G&G', 'gizmos and gadgets', 'yordle', 'yordle lord']","<Stream: itag=""397"" mime_type=""video/mp4"" res=""480p"" fps=""30fps"" vcodec=""av01.0.04M.08"" progressive=""False"" type=""video"">",30,397
TSM FTX Keane,"Infinite Regen. - Redemption, Shrug it Off, Spirit Visage | TFT | 12.2",https://www.youtube.com/watch?v=gvDDGgPz_gQ,2022-01-29,72089,,"['keane', 'keane tft', 'tft', 'teamight tactics', 'faker of tft', 'tsm keane', 'funny', 'moments', 'tft best moments', 'tft highlight', 'tft twitch', 'teamfight tactics guide', 'tft guide', 'how to tft', 'how to climb tft', 'challenger gameplay tft', 'tft set 6 gameplay', 'tft G&G', 'gizmos and gadgets', 'cho goth', 'mutant comp tft']","<Stream: itag=""397"" mime_type=""video/mp4"" res=""480p"" fps=""30fps"" vcodec=""av01.0.04M.08"" progressive=""False"" type=""video"">",30,397
TSM FTX Keane,One-Shotting Entire Comps In Challenger Lobby | TFT | 12.2,https://www.youtube.com/watch?v=oCwgIIonKPc,2022-01-28,85418,,"['keane', 'keane tft', 'tft', 'teamight tactics', 'faker of tft', 'tsm keane', 'funny', 'moments', 'tft best moments', 'tft highlight', 'tft twitch', 'teamfight tactics guide', 'tft guide', 'how to tft', 'how to climb tft', 'challenger gameplay tft', 'tft set 6 gameplay', 'tft G&G', 'gizmos and gadgets', 'execute mutant', 'miss fortunte tft mercenary']","<Stream: itag=""135"" mime_type=""video/mp4"" res=""480p"" fps=""30fps"" vcodec=""avc1.4d401f"" progressive=""False"" type=""video"">",30,135
TSM FTX Keane,And My Augments Gave Me 13% HP/Sec | TFT | 12.2,https://www.youtube.com/watch?v=ttZ-lgX7OSU,2022-01-26,60357,,"['keane', 'keane tft', 'tft', 'teamight tactics', 'faker of tft', 'tsm keane', 'funny', 'moments', 'tft best moments', 'tft highlight', 'tft twitch', 'teamfight tactics guide', 'tft guide', 'how to tft', 'how to climb tft', 'challenger gameplay tft', 'tft set 6 gameplay', 'tft G&G', 'gizmos and gadgets', 'trundle reroll tft', 'tahm kench eat tft']","<Stream: itag=""135"" mime_type=""video/mp4"" res=""480p"" fps=""30fps"" vcodec=""avc1.4d401f"" progressive=""False"" type=""video"">",30,135
TSM FTX Keane,With 4 Twinshot | TFT | 12.2,https://www.youtube.com/watch?v=o6156MAjyLY,2022-01-25,91905,,"['keane', 'keane tft', 'tft', 'teamight tactics', 'faker of tft', 'tsm keane', 'funny', 'moments', 'tft best moments', 'tft highlight', 'tft twitch', 'teamfight tactics guide', 'tft guide', 'how to tft', 'how to climb tft', 'challenger gameplay tft', 'tft set 6 gameplay', 'tft G&G', 'gizmos and gadgets', 'urgot tft']","<Stream: itag=""135"" mime_type=""video/mp4"" res=""480p"" fps=""30fps"" vcodec=""avc1.4d401f"" progressive=""False"" type=""video"">",30,135
TSM FTX Keane,I Took A Huge Risk | TFT | 12.2,https://www.youtube.com/watch?v=jiZuLCQYBrA,2022-01-24,64013,,"['keane', 'keane tft', 'tft', 'teamight tactics', 'faker of tft', 'tsm keane', 'funny', 'moments', 'tft best moments', 'tft highlight', 'tft twitch', 'teamfight tactics guide', 'tft guide', 'how to tft', 'how to climb tft', 'challenger gameplay tft', 'tft set 6 gameplay', 'tft G&G', 'gizmos and gadgets', 'mercenary tft']","<Stream: itag=""135"" mime_type=""video/mp4"" res=""480p"" fps=""30fps"" vcodec=""avc1.4d401f"" progressive=""False"" type=""video"">",30,135
TSM FTX Keane,The Cho'Gath Wet Dream |TFT |12.1,https://www.youtube.com/watch?v=wZU9K7uu_WM,2022-01-20,73586,,"['keane', 'keane tft', 'tft', 'teamight tactics', 'faker of tft', 'tsm keane', 'funny', 'moments', 'tft best moments', 'tft highlight', 'tft twitch', 'teamfight tactics guide', 'tft guide', 'how to tft', 'how to climb tft', 'challenger gameplay tft', 'tft set 6 gameplay', 'tft G&G', 'gizmos and gadgets', 'titanic force tft', 'cho goth colossus']","<Stream: itag=""135"" mime_type=""video/mp4"" res=""480p"" fps=""30fps"" vcodec=""avc1.4d401f"" progressive=""False"" type=""video"">",30,135
TSM FTX Keane,Feeding Cho'Goth 3 To Kench 1 in Challenger Lobby |TFT |12.1,https://www.youtube.com/watch?v=mJ5oZnBRZ2E,2022-01-19,79275,,"['keane', 'keane tft', 'tft', 'teamight tactics', 'faker of tft', 'tsm keane', 'funny', 'moments', 'tft best moments', 'tft highlight', 'tft twitch', 'teamfight tactics guide', 'tft guide', 'how to tft', 'how to climb tft', 'challenger gameplay tft', 'tft set 6 gameplay', 'tft G&G', 'gizmos and gadgets', 'augments tft', 'tahm kench feed eat']","<Stream: itag=""135"" mime_type=""video/mp4"" res=""480p"" fps=""30fps"" vcodec=""avc1.4d401f"" progressive=""False"" type=""video"">",30,135
TSM FTX Keane,GAME 4 OUT OF 4 - DAY 2 - LAST GAME - TFT OCE Set 6 Challenger Series,https://www.youtube.com/watch?v=dbvgxj8slWI,2022-01-18,33388,,"['keane', 'keane tft', 'tft', 'teamight tactics', 'faker of tft', 'tsm keane', 'funny', 'moments', 'tft best moments', 'tft highlight', 'tft twitch', 'teamfight tactics guide', 'tft guide', 'how to tft', 'how to climb tft', 'challenger gameplay tft', 'tft set 6 gameplay', 'tft G&G', 'gizmos and gadgets', 'TFT OCE Set 6 Challenger Series']","<Stream: itag=""135"" mime_type=""video/mp4"" res=""480p"" fps=""30fps"" vcodec=""avc1.4d401f"" progressive=""False"" type=""video"">",30,135
TSM FTX Keane,GAME 3 OUT OF 4 - DAY 2 - TFT OCE Set 6 Challenger Series,https://www.youtube.com/watch?v=Q3SlM3i6YvQ,2022-01-18,30246,,"['keane', 'keane tft', 'tft', 'teamight tactics', 'faker of tft', 'tsm keane', 'funny', 'moments', 'tft best moments', 'tft highlight', 'tft twitch', 'teamfight tactics guide', 'tft guide', 'how to tft', 'how to climb tft', 'challenger gameplay tft', 'tft set 6 gameplay', 'tft G&G', 'gizmos and gadgets', 'TFT OCE Set 6 Challenger Series']","<Stream: itag=""135"" mime_type=""video/mp4"" res=""480p"" fps=""30fps"" vcodec=""avc1.4d401f"" progressive=""False"" type=""video"">",30,135
TSM FTX Keane,GAME 2 OUT OF 4 - DAY 2 - TFT OCE Set 6 Challenger Series,https://www.youtube.com/watch?v=nopxzVZrSXc,2022-01-18,29175,,"['keane', 'keane tft', 'tft', 'teamight tactics', 'faker of tft', 'tsm keane', 'funny', 'moments', 'tft best moments', 'tft highlight', 'tft twitch', 'teamfight tactics guide', 'tft guide', 'how to tft', 'how to climb tft', 'challenger gameplay tft', 'tft set 6 gameplay', 'tft G&G', 'gizmos and gadgets', 'TFT OCE Set 6 Challenger Series']","<Stream: itag=""135"" mime_type=""video/mp4"" res=""480p"" fps=""30fps"" vcodec=""avc1.4d401f"" progressive=""False"" type=""video"">",30,135
TSM FTX Keane,GAME 1 OUT OF 4 - DAY 2 - TFT OCE Set 6 Challenger Series,https://www.youtube.com/watch?v=EFNZ35PWLC0,2022-01-18,29256,,"['keane', 'keane tft', 'tft', 'teamight tactics', 'faker of tft', 'tsm keane', 'funny', 'moments', 'tft best moments', 'tft highlight', 'tft twitch', 'teamfight tactics guide', 'tft guide', 'how to tft', 'how to climb tft', 'challenger gameplay tft', 'tft set 6 gameplay', 'tft G&G', 'gizmos and gadgets', 'TFT OCE Set 6 Challenger Series']","<Stream: itag=""397"" mime_type=""video/mp4"" res=""480p"" fps=""30fps"" vcodec=""av01.0.04M.08"" progressive=""False"" type=""video"">",30,397
TSM FTX Keane,GAME 5 OUT OF 5 - DAY 1 - TFT OCE Set 6 Challenger Series,https://www.youtube.com/watch?v=t8sYMttjbt0,2022-01-17,29153,,"['keane', 'keane tft', 'tft', 'teamight tactics', 'faker of tft', 'tsm keane', 'funny', 'moments', 'tft best moments', 'tft highlight', 'tft twitch', 'teamfight tactics guide', 'tft guide', 'how to tft', 'how to climb tft', 'challenger gameplay tft', 'tft set 6 gameplay', 'tft G&G', 'gizmos and gadgets', 'TFT OCE Set 6 Challenger Series']","<Stream: itag=""135"" mime_type=""video/mp4"" res=""480p"" fps=""30fps"" vcodec=""avc1.4d401f"" progressive=""False"" type=""video"">",30,135
TSM FTX Keane,GAME 4 OUT OF 5 - DAY 1 - TFT OCE Set 6 Challenger Series,https://www.youtube.com/watch?v=x03uXBtqfe0,2022-01-17,31854,,"['keane', 'keane tft', 'tft', 'teamight tactics', 'faker of tft', 'tsm keane', 'funny', 'moments', 'tft best moments', 'tft highlight', 'tft twitch', 'teamfight tactics guide', 'tft guide', 'how to tft', 'how to climb tft', 'challenger gameplay tft', 'tft set 6 gameplay', 'tft G&G', 'gizmos and gadgets', 'TFT OCE Set 6 Challenger Series']","<Stream: itag=""135"" mime_type=""video/mp4"" res=""480p"" fps=""30fps"" vcodec=""avc1.4d401f"" progressive=""False"" type=""video"">",30,135
TSM FTX Keane,GAME 3 OUT OF 5 - DAY 1 - TFT OCE Set 6 Challenger Series,https://www.youtube.com/watch?v=IMyNgde9XGI,2022-01-17,24467,,"['keane', 'keane tft', 'tft', 'teamight tactics', 'faker of tft', 'tsm keane', 'funny', 'moments', 'tft best moments', 'tft highlight', 'tft twitch', 'teamfight tactics guide', 'tft guide', 'how to tft', 'how to climb tft', 'challenger gameplay tft', 'tft set 6 gameplay', 'tft G&G', 'gizmos and gadgets', 'TFT OCE Set 6 Challenger Series']","<Stream: itag=""397"" mime_type=""video/mp4"" res=""480p"" fps=""30fps"" vcodec=""av01.0.04M.08"" progressive=""False"" type=""video"">",30,397
TSM FTX Keane,GAME 2 OUT OF 5 - DAY 1 - TFT OCE Set 6 Challenger Series,https://www.youtube.com/watch?v=Un7-DAM_-rs,2022-01-17,29391,,"['keane', 'keane tft', 'tft', 'teamight tactics', 'faker of tft', 'tsm keane', 'funny', 'moments', 'tft best moments', 'tft highlight', 'tft twitch', 'teamfight tactics guide', 'tft guide', 'how to tft', 'how to climb tft', 'challenger gameplay tft', 'tft set 6 gameplay', 'tft G&G', 'gizmos and gadgets', 'TFT OCE Set 6 Challenger Series']","<Stream: itag=""135"" mime_type=""video/mp4"" res=""480p"" fps=""30fps"" vcodec=""avc1.4d401f"" progressive=""False"" type=""video"">",30,135
TSM FTX Keane,GAME 1 OUT OF 5 - DAY 1 - TFT OCE Set 6 Challenger Series,https://www.youtube.com/watch?v=ooT2kYCJzks,2022-01-17,41368,,"['keane', 'keane tft', 'tft', 'teamight tactics', 'faker of tft', 'tsm keane', 'funny', 'moments', 'tft best moments', 'tft highlight', 'tft twitch', 'teamfight tactics guide', 'tft guide', 'how to tft', 'how to climb tft', 'challenger gameplay tft', 'tft set 6 gameplay', 'tft G&G', 'gizmos and gadgets', 'TFT OCE Set 6 Challenger Series Day 1']","<Stream: itag=""135"" mime_type=""video/mp4"" res=""480p"" fps=""30fps"" vcodec=""avc1.4d401f"" progressive=""False"" type=""video"">",30,135
TSM FTX Keane,All Challengers Know This Yordle-Tahm Kench Food Strat |TFT |12.1,https://www.youtube.com/watch?v=JguSEAdWmAA,2022-01-13,123030,,"['keane', 'keane tft', 'tft', 'teamight tactics', 'faker of tft', 'tsm keane', 'funny', 'moments', 'tft best moments', 'tft highlight', 'tft twitch', 'teamfight tactics guide', 'tft guide', 'how to tft', 'how to climb tft', 'challenger gameplay tft', 'tft set 6 gameplay', 'tft G&G', 'gizmos and gadgets', 'fast 9', 'augments tft']","<Stream: itag=""135"" mime_type=""video/mp4"" res=""480p"" fps=""30fps"" vcodec=""avc1.4d401f"" progressive=""False"" type=""video"">",30,135
TSM FTX Keane,A Perfectly Played Game Of TFT |12.1,https://www.youtube.com/watch?v=PQ1rFfOwufc,2022-01-12,100150,,"['keane', 'keane tft', 'tft', 'teamight tactics', 'faker of tft', 'tsm keane', 'funny', 'moments', 'tft best moments', 'tft highlight', 'tft twitch', 'teamfight tactics guide', 'tft guide', 'how to tft', 'how to climb tft', 'challenger gameplay tft', 'tft set 6 gameplay', 'tft G&G', 'gizmos and gadgets', 'mercenary tft']","<Stream: itag=""135"" mime_type=""video/mp4"" res=""480p"" fps=""30fps"" vcodec=""avc1.4d401f"" progressive=""False"" type=""video"">",30,135
TSM FTX Keane,This is Basically Yone On Adrenaline |TFT |12.1,https://www.youtube.com/watch?v=d_bJvFeF4DQ,2022-01-11,78709,,"['keane', 'keane tft', 'tft', 'teamight tactics', 'faker of tft', 'tsm keane', 'funny', 'moments', 'tft best moments', 'tft highlight', 'tft twitch', 'teamfight tactics guide', 'tft guide', 'how to tft', 'how to climb tft', 'challenger gameplay tft', 'tft set 6 gameplay', 'tft G&G', 'gizmos and gadgets', 'mutant', 'adrenaline rush mutant', 'tft augments']","<Stream: itag=""135"" mime_type=""video/mp4"" res=""480p"" fps=""30fps"" vcodec=""avc1.4d401f"" progressive=""False"" type=""video"">",30,135
TSM FTX Keane,How A Challenger Plays Mercenary Augment Opener |TFT |12.1,https://www.youtube.com/watch?v=HUxV65n6lWc,2022-01-08,181961,,"['keane', 'keane tft', 'tft', 'teamight tactics', 'faker of tft', 'tsm keane', 'funny', 'moments', 'tft best moments', 'tft highlight', 'tft twitch', 'teamfight tactics guide', 'tft guide', 'how to tft', 'how to climb tft', 'challenger gameplay tft', 'tft set 6 gameplay', 'tft G&G', 'gizmos and gadgets', 'tft augments']","<Stream: itag=""135"" mime_type=""video/mp4"" res=""480p"" fps=""30fps"" vcodec=""avc1.4d401f"" progressive=""False"" type=""video"">",30,135
TSM FTX Keane,I Tried The Newly Buffed 5 Imperial Comp. |TFT |12.1,https://www.youtube.com/watch?v=kyf5xPWpJ7E,2022-01-07,107427,,"['keane', 'keane tft', 'tft', 'teamight tactics', 'faker of tft', 'tsm keane', 'funny', 'moments', 'tft best moments', 'tft highlight', 'tft twitch', 'teamfight tactics guide', 'tft guide', 'how to tft', 'how to climb tft', 'challenger gameplay tft', 'tft set 6 gameplay', 'tft G&G', 'gizmos and gadgets', '5 imperial tft']","<Stream: itag=""397"" mime_type=""video/mp4"" res=""480p"" fps=""30fps"" vcodec=""av01.0.04M.08"" progressive=""False"" type=""video"">",30,397
TSM FTX Keane,"Mr. Tahm Kench, Your Food Is Ready |TFT |11.24B",https://www.youtube.com/watch?v=5RCQuliN36g,2022-01-05,52823,,"['keane', 'keane tft', 'tft', 'teamight tactics', 'faker of tft', 'tsm keane', 'funny', 'moments', 'tft best moments', 'tft highlight', 'tft twitch', 'teamfight tactics guide', 'tft guide', 'how to tft', 'how to climb tft', 'challenger gameplay tft', 'tft set 6 gameplay', 'tft G&G', 'gizmos and gadgets', 'tahm kench', 'feed tahm kench']","<Stream: itag=""135"" mime_type=""video/mp4"" res=""480p"" fps=""30fps"" vcodec=""avc1.4d401f"" progressive=""False"" type=""video"">",30,135
TSM FTX Keane,Cash Me Outside Dr. Mortdog |TFT |11.24B,https://www.youtube.com/watch?v=gXIbpBKQ3bU,2022-01-04,59264,,"['keane', 'keane tft', 'tft', 'teamight tactics', 'faker of tft', 'tsm keane', 'funny', 'moments', 'tft best moments', 'tft highlight', 'tft twitch', 'teamfight tactics guide', 'tft guide', 'how to tft', 'how to climb tft', 'challenger gameplay tft', 'tft set 6 gameplay', 'tft G&G', 'gizmos and gadgets', '5 mercenary tft']","<Stream: itag=""397"" mime_type=""video/mp4"" res=""480p"" fps=""30fps"" vcodec=""av01.0.04M.08"" progressive=""False"" type=""video"">",30,397
TSM FTX Keane,Keane's Comfort Zone |TFT |11.24B,https://www.youtube.com/watch?v=Zi3qkzT1nZs,2022-01-04,52737,,"['keane', 'keane tft', 'tft', 'teamight tactics', 'faker of tft', 'tsm keane', 'funny', 'moments', 'tft best moments', 'tft highlight', 'tft twitch', 'teamfight tactics guide', 'tft guide', 'how to tft', 'how to climb tft', 'challenger gameplay tft', 'tft set 6 gameplay', 'tft G&G', 'gizmos and gadgets', 'tft augments', 'tahm kench tft eat']","<Stream: itag=""135"" mime_type=""video/mp4"" res=""480p"" fps=""30fps"" vcodec=""avc1.4d401f"" progressive=""False"" type=""video"">",30,135
TSM FTX Keane,Keane's Sudden 999+ IQ Realization (It happens From 16:14) |TFT |11.24B,https://www.youtube.com/watch?v=IVlC7rMxVHg,2022-01-04,77802,,"['keane', 'keane tft', 'tft', 'teamight tactics', 'faker of tft', 'tsm keane', 'funny', 'moments', 'tft best moments', 'tft highlight', 'tft twitch', 'teamfight tactics guide', 'tft guide', 'how to tft', 'how to climb tft', 'challenger gameplay tft', 'tft set 6 gameplay', 'tft G&G', 'gizmos and gadgets', 'jhin 3', 'tft set 6', 'augments']","<Stream: itag=""397"" mime_type=""video/mp4"" res=""480p"" fps=""30fps"" vcodec=""av01.0.04M.08"" progressive=""False"" type=""video"">",30,397
TSM FTX Keane,"Just Trust Keane, No Doubters |TFT |11.24B",https://www.youtube.com/watch?v=zQLrbZJIcR8,2021-12-31,70934,,"['keane', 'keane tft', 'tft', 'teamight tactics', 'faker of tft', 'tsm keane', 'funny', 'moments', 'tft best moments', 'tft highlight', 'tft twitch', 'teamfight tactics guide', 'tft guide', 'how to tft', 'how to climb tft', 'challenger gameplay tft', 'tft set 6 gameplay', 'tft G&G', 'gizmos and gadgets', 'jhin carry tft']","<Stream: itag=""135"" mime_type=""video/mp4"" res=""480p"" fps=""30fps"" vcodec=""avc1.4d401f"" progressive=""False"" type=""video"">",30,135
TSM FTX Keane,"If Malzahar Trolls Me, I Will Feed To Tahm Kench |TFT |11.24B",https://www.youtube.com/watch?v=tGfRduXJcJc,2021-12-30,66253,,"['keane', 'keane tft', 'tft', 'teamight tactics', 'faker of tft', 'tsm keane', 'funny', 'moments', 'tft best moments', 'tft highlight', 'tft twitch', 'teamfight tactics guide', 'tft guide', 'how to tft', 'how to climb tft', 'challenger gameplay tft', 'tft set 6 gameplay', 'tft G&G', 'gizmos and gadgets', 'malzahar 3 tft mutant']","<Stream: itag=""135"" mime_type=""video/mp4"" res=""480p"" fps=""30fps"" vcodec=""avc1.4d401f"" progressive=""False"" type=""video"">",30,135
TSM FTX Keane,I Fed Urgot 3 To Tahm Kench |TFT |11.24B |RANK 20 & 4 NA/OCE,https://www.youtube.com/watch?v=mJoD7LNQd2M,2021-12-29,71116,,"['keane', 'keane tft', 'tft', 'teamight tactics', 'faker of tft', 'tsm keane', 'funny', 'moments', 'tft best moments', 'tft highlight', 'tft twitch', 'teamfight tactics guide', 'tft guide', 'how to tft', 'how to climb tft', 'challenger gameplay tft', 'tft set 6 gameplay', 'tft G&G', 'gizmos and gadgets', 'feed urgot tahm kench', 'tahm kench eat tft']","<Stream: itag=""135"" mime_type=""video/mp4"" res=""480p"" fps=""30fps"" vcodec=""avc1.4d401f"" progressive=""False"" type=""video"">",30,135
TSM FTX Keane,Simple 5 Mutant Comp. |TFT |11.24B,https://www.youtube.com/watch?v=JTW1PFFonas,2021-12-27,88182,,"['keane', 'keane tft', 'tft', 'teamight tactics', 'faker of tft', 'tsm keane', 'funny', 'moments', 'tft best moments', 'tft highlight', 'tft twitch', 'teamfight tactics guide', 'tft guide', 'how to tft', 'how to climb tft', 'challenger gameplay tft', 'tft set 6 gameplay', 'tft G&G', 'gizmos and gadgets', 'mutant tft', 'colossus tft']","<Stream: itag=""135"" mime_type=""video/mp4"" res=""480p"" fps=""30fps"" vcodec=""avc1.4d401f"" progressive=""False"" type=""video"">",30,135
TSM FTX Keane,Flexibly Playing Duet + Share The Spotlight |TFT |11.24B,https://www.youtube.com/watch?v=CgaOE3zDavI,2021-12-25,97505,,"['keane', 'keane tft', 'tft', 'teamight tactics', 'faker of tft', 'tsm keane', 'funny', 'moments', 'tft best moments', 'tft highlight', 'tft twitch', 'teamfight tactics guide', 'tft guide', 'how to tft', 'how to climb tft', 'challenger gameplay tft', 'tft set 6 gameplay', 'tft G&G', 'gizmos and gadgets', 'socialite', 'share the spotlight', 'duet', 'tft augments']","<Stream: itag=""135"" mime_type=""video/mp4"" res=""480p"" fps=""30fps"" vcodec=""avc1.4d401f"" progressive=""False"" type=""video"">",30,135
TSM FTX Keane,This Jayce Can Beat ALMOST Anything |TFT |11.24B,https://www.youtube.com/watch?v=5ovX36oJ5z0,2021-12-24,61904,,"['keane', 'keane tft', 'tft', 'teamight tactics', 'faker of tft', 'tsm keane', 'funny', 'moments', 'tft best moments', 'tft highlight', 'tft twitch', 'teamfight tactics guide', 'tft guide', 'how to tft', 'how to climb tft', 'challenger gameplay tft', 'tft set 6 gameplay', 'tft G&G', 'gizmos and gadgets', 'galio 3', 'jayce assassin']","<Stream: itag=""135"" mime_type=""video/mp4"" res=""480p"" fps=""30fps"" vcodec=""avc1.4d401f"" progressive=""False"" type=""video"">",30,135
TSM FTX Keane,I Ran Out Of Units To Put Items On |TFT |11.24B,https://www.youtube.com/watch?v=Zy7BLgQFBsc,2021-12-22,83917,,"['keane', 'keane tft', 'tft', 'teamight tactics', 'faker of tft', 'tsm keane', 'funny', 'moments', 'tft best moments', 'tft highlight', 'tft twitch', 'teamfight tactics guide', 'tft guide', 'how to tft', 'how to climb tft', 'challenger gameplay tft', 'tft set 6 gameplay', 'tft G&G', 'gizmos and gadgets', 'mercenary tft']","<Stream: itag=""135"" mime_type=""video/mp4"" res=""480p"" fps=""30fps"" vcodec=""avc1.4d401f"" progressive=""False"" type=""video"">",30,135
TSM FTX Keane,Double Deathblade Twitch Goes Ratatata | TFT | 11.24B,https://www.youtube.com/watch?v=zt3-frGI360,2021-12-21,110445,,"['keane', 'keane tft', 'tft', 'teamight tactics', 'faker of tft', 'tsm keane', 'funny', 'moments', 'tft best moments', 'tft highlight', 'tft twitch', 'teamfight tactics guide', 'tft guide', 'how to tft', 'how to climb tft', 'challenger gameplay tft', 'tft set 6 gameplay', 'tft G&G', 'gizmos and gadgets', 'twitch carry chemtech']","<Stream: itag=""135"" mime_type=""video/mp4"" res=""480p"" fps=""30fps"" vcodec=""avc1.4d401f"" progressive=""False"" type=""video"">",30,135
TSM FTX Keane,Trying out Fiora + Socialite | TFT | 11.24B,https://www.youtube.com/watch?v=jieqtHYKm2k,2021-12-19,91898,,"['keane', 'keane tft', 'tft', 'teamight tactics', 'faker of tft', 'tsm keane', 'funny', 'moments', 'tft best moments', 'tft highlight', 'tft twitch', 'teamfight tactics guide', 'tft guide', 'how to tft', 'how to climb tft', 'challenger gameplay tft', 'tft set 6 gameplay', 'tft G&G', 'gizmos and gadgets', 'fiora 3', 'socialite fiora', 'fioralite']","<Stream: itag=""135"" mime_type=""video/mp4"" res=""480p"" fps=""30fps"" vcodec=""avc1.4d401f"" progressive=""False"" type=""video"">",30,135
TSM FTX Keane,Metabolic Accelerator + Mercenary = Insane Synergy | TFT | 11.24B,https://www.youtube.com/watch?v=yHV55JvFHbs,2021-12-18,387596,,"['keane', 'keane tft', 'tft', 'teamight tactics', 'faker of tft', 'tsm keane', 'funny', 'moments', 'tft best moments', 'tft highlight', 'tft twitch', 'teamfight tactics guide', 'tft guide', 'how to tft', 'how to climb tft', 'challenger gameplay tft', 'tft set 6 gameplay', 'tft G&G', 'gizmos and gadgets', 'galio 3 star tft']","<Stream: itag=""397"" mime_type=""video/mp4"" res=""480p"" fps=""30fps"" vcodec=""av01.0.04M.08"" progressive=""False"" type=""video"">",30,397
TSM FTX Keane,Farming Infinite Gold With Clear Mind Augment | TFT | 11.24,https://www.youtube.com/watch?v=XclblkWAMXc,2021-12-15,429497,,"['keane', 'keane tft', 'tft', 'teamight tactics', 'faker of tft', 'tsm keane', 'funny', 'moments', 'tft best moments', 'tft highlight', 'tft twitch', 'teamfight tactics guide', 'tft guide', 'how to tft', 'how to climb tft', 'challenger gameplay tft', 'tft set 6 gameplay', 'tft G&G', 'gizmos and gadgets', 'galio 3 tft', 'socialite tft']","<Stream: itag=""135"" mime_type=""video/mp4"" res=""480p"" fps=""30fps"" vcodec=""avc1.4d401f"" progressive=""False"" type=""video"">",30,135
TSM FTX Keane,CLAP'GOD VS CLAPIO - They Got Clapio 2 in Stage 3 | TFT | 11.24,https://www.youtube.com/watch?v=T7-7Ob1KenQ,2021-12-14,139120,,"['keane', 'keane tft', 'tft', 'teamight tactics', 'faker of tft', 'tsm keane', 'funny', 'moments', 'tft best moments', 'tft highlight', 'tft twitch', 'teamfight tactics guide', 'tft guide', 'how to tft', 'how to climb tft', 'challenger gameplay tft', 'tft set 6 gameplay', 'tft G&G', 'gizmos and gadgets', 'clapio', 'clapgod', 'mutant cho goth tft']","<Stream: itag=""135"" mime_type=""video/mp4"" res=""480p"" fps=""30fps"" vcodec=""avc1.4d401f"" progressive=""False"" type=""video"">",30,135
TSM FTX Keane,Embracing The Rat Life | TFT | 11.24,https://www.youtube.com/watch?v=7QQdXB8sBAg,2021-12-14,77154,,"['keane', 'keane tft', 'tft', 'teamight tactics', 'faker of tft', 'tsm keane', 'funny', 'moments', 'tft best moments', 'tft highlight', 'tft twitch', 'teamfight tactics guide', 'tft guide', 'how to tft', 'how to climb tft', 'challenger gameplay tft', 'tft set 6 gameplay', 'tft G&G', 'gizmos and gadgets', 'twitch chemtech', '9 chemtech']","<Stream: itag=""135"" mime_type=""video/mp4"" res=""480p"" fps=""30fps"" vcodec=""avc1.4d401f"" progressive=""False"" type=""video"">",30,135
TSM FTX Keane,Trying Out Assassins Reroll With Nerfed Katarina | TFT | 11.24,https://www.youtube.com/watch?v=X8GmvRQHatk,2021-12-12,41023,,"['keane', 'keane tft', 'tft', 'teamight tactics', 'faker of tft', 'tsm keane', 'funny', 'moments', 'tft best moments', 'tft highlight', 'tft twitch', 'teamfight tactics guide', 'tft guide', 'how to tft', 'how to climb tft', 'challenger gameplay tft', 'tft set 6 gameplay', 'tft G&G', 'gizmos and gadgets', 'katarina reroll comp']","<Stream: itag=""135"" mime_type=""video/mp4"" res=""480p"" fps=""30fps"" vcodec=""avc1.4d401f"" progressive=""False"" type=""video"">",30,135
TSM FTX Keane,Twisted Fate Is Happy About The Blue Buff Buffs | TFT | 11.24,https://www.youtube.com/watch?v=XtVBuRUPMqg,2021-12-11,76242,,"['keane', 'keane tft', 'tft', 'teamight tactics', 'faker of tft', 'tsm keane', 'funny', 'moments', 'tft best moments', 'tft highlight', 'tft twitch', 'teamfight tactics guide', 'tft guide', 'how to tft', 'how to climb tft', 'challenger gameplay tft', 'tft set 6 gameplay', 'tft G&G', 'gizmos and gadgets', 'syndicate reroll', 'featherweight augment reroll']","<Stream: itag=""135"" mime_type=""video/mp4"" res=""480p"" fps=""30fps"" vcodec=""avc1.4d401f"" progressive=""False"" type=""video"">",30,135
TSM FTX Keane,Rerolling 1 Costs With Featherweight Augment | TFT | 11.24,https://www.youtube.com/watch?v=grm5S2jYv4o,2021-12-11,122607,,"['keane', 'keane tft', 'tft', 'teamight tactics', 'faker of tft', 'tsm keane', 'funny', 'moments', 'tft best moments', 'tft highlight', 'tft twitch', 'teamfight tactics guide', 'tft guide', 'how to tft', 'how to climb tft', 'challenger gameplay tft', 'tft set 6 gameplay', 'tft G&G', 'gizmos and gadgets', 'ezreal camille reroll']","<Stream: itag=""135"" mime_type=""video/mp4"" res=""480p"" fps=""30fps"" vcodec=""avc1.4d401f"" progressive=""False"" type=""video"">",30,135
TSM FTX Keane,Is Akali The Most Valuable Unit Now? | TFT | 11.24,https://www.youtube.com/watch?v=mtxxP3pPTns,2021-12-10,44994,,"['keane', 'keane tft', 'tft', 'teamight tactics', 'faker of tft', 'tsm keane', 'funny', 'moments', 'tft best moments', 'tft highlight', 'tft twitch', 'teamfight tactics guide', 'tft guide', 'how to tft', 'how to climb tft', 'challenger gameplay tft', 'tft set 6 gameplay', 'tft G&G', 'gizmos and gadgets', '7 syndicate akali']","<Stream: itag=""135"" mime_type=""video/mp4"" res=""480p"" fps=""30fps"" vcodec=""avc1.4d401f"" progressive=""False"" type=""video"">",30,135
TSM FTX Keane,"Reworked Chemtech, But is it better? Yes, Yes it's better. | TFT | 11.24",https://www.youtube.com/watch?v=y55xKMRQ_oQ,2021-12-10,52762,,"['keane', 'keane tft', 'tft', 'teamight tactics', 'faker of tft', 'tsm keane', 'funny', 'moments', 'tft best moments', 'tft highlight', 'tft twitch', 'teamfight tactics guide', 'tft guide', 'how to tft', 'how to climb tft', 'challenger gameplay tft', 'tft set 6 gameplay', 'tft G&G', 'gizmos and gadgets', '9 chemtech tft']","<Stream: itag=""397"" mime_type=""video/mp4"" res=""480p"" fps=""30fps"" vcodec=""av01.0.04M.08"" progressive=""False"" type=""video"">",30,397
TSM FTX Keane,Everyone is Forcing This Comp In The New Patch | TFT | 11.23B,https://www.youtube.com/watch?v=UVKIB-Pfvds,2021-12-08,72726,,"['keane', 'keane tft', 'tft', 'teamight tactics', 'faker of tft', 'tsm keane', 'funny', 'moments', 'tft best moments', 'tft highlight', 'tft twitch', 'teamfight tactics guide', 'tft guide', 'how to tft', 'how to climb tft', 'challenger gameplay tft', 'tft set 6 gameplay', 'tft G&G', 'gizmos and gadgets', 'kogmaw reroll', 'protector reroll', 'kassadin garen reroll tft', 'twinshot tft']","<Stream: itag=""135"" mime_type=""video/mp4"" res=""480p"" fps=""30fps"" vcodec=""avc1.4d401f"" progressive=""False"" type=""video"">",30,135
TSM FTX Keane,Chemtech Explosion Assassin Mundo 3 Tech. | TFT | 11.23B,https://www.youtube.com/watch?v=bW0AYdiBu_0,2021-12-08,41030,,"['keane', 'keane tft', 'tft', 'teamight tactics', 'faker of tft', 'tsm keane', 'funny', 'moments', 'tft best moments', 'tft highlight', 'tft twitch', 'teamfight tactics guide', 'tft guide', 'how to tft', 'how to climb tft', 'challenger gameplay tft', 'tft set 6 gameplay', 'tft G&G', 'gizmos and gadgets', 'mundo 3 star urgot 3 star tft', 'tft chemtech comp']","<Stream: itag=""135"" mime_type=""video/mp4"" res=""480p"" fps=""30fps"" vcodec=""avc1.4d401f"" progressive=""False"" type=""video"">",30,135
TSM FTX Keane,420 AP & AD Sniper/Challenger Malzahar | TFT | 11.23B,https://www.youtube.com/watch?v=KxNae7UF0CE,2021-12-07,55803,,"['keane', 'keane tft', 'tft', 'teamight tactics', 'faker of tft', 'tsm keane', 'funny', 'moments', 'tft best moments', 'tft highlight', 'tft twitch', 'teamfight tactics guide', 'tft guide', 'how to tft', 'how to climb tft', 'challenger gameplay tft', 'tft set 6 gameplay', 'tft G&G', 'gizmos and gadgets', 'VORACIOUS APPETITE', 'mutant tft', 'dark star mutant']","<Stream: itag=""135"" mime_type=""video/mp4"" res=""480p"" fps=""30fps"" vcodec=""avc1.4d401f"" progressive=""False"" type=""video"">",30,135
TSM FTX Keane,I Put Clapio In Dragon Comp. | TFT | 11.23B,https://www.youtube.com/watch?v=oi_mJ0n13Fc,2021-12-06,39283,,"['keane', 'keane tft', 'tft', 'teamight tactics', 'faker of tft', 'tsm keane', 'funny', 'moments', 'tft best moments', 'tft highlight', 'tft twitch', 'teamfight tactics guide', 'tft guide', 'how to tft', 'how to climb tft', 'challenger gameplay tft', 'tft set 6 gameplay', 'tft G&G', 'gizmos and gadgets', '7 innovator galio', 'clapio innovator']","<Stream: itag=""135"" mime_type=""video/mp4"" res=""480p"" fps=""30fps"" vcodec=""avc1.4d401f"" progressive=""False"" type=""video"">",30,135
TSM FTX Keane,Tempo-swing - The Tactics In Teamfight Tactics | 11.23B,https://www.youtube.com/watch?v=8kBdruK7UIs,2021-12-06,38809,,"['keane', 'keane tft', 'tft', 'teamight tactics', 'faker of tft', 'tsm keane', 'funny', 'moments', 'tft best moments', 'tft highlight', 'tft twitch', 'teamfight tactics guide', 'tft guide', 'how to tft', 'how to climb tft', 'challenger gameplay tft', 'tft set 6 gameplay', 'tft G&G', 'gizmos and gadgets', 'better than challenger']","<Stream: itag=""135"" mime_type=""video/mp4"" res=""480p"" fps=""30fps"" vcodec=""avc1.4d401f"" progressive=""False"" type=""video"">",30,135
TSM FTX Keane,Need To Survive Crazy Prism Lobby Until I Have Dragon | TFT | 11.23B,https://www.youtube.com/watch?v=LBPRqWvNR9w,2021-12-05,136791,,"['keane', 'keane tft', 'tft', 'teamight tactics', 'faker of tft', 'tsm keane', 'funny', 'moments', 'tft best moments', 'tft highlight', 'tft twitch', 'teamfight tactics guide', 'tft guide', 'how to tft', 'how to climb tft', 'challenger gameplay tft', 'tft set 6 gameplay', 'tft G&G', 'gizmos and gadgets', '7 innovator', '3 prismatic augment']","<Stream: itag=""135"" mime_type=""video/mp4"" res=""480p"" fps=""30fps"" vcodec=""avc1.4d401f"" progressive=""False"" type=""video"">",30,135
TSM FTX Keane,I Made The Hardest Clapping Clapio Comp. | TFT | 11.23B,https://www.youtube.com/watch?v=5DlHW8Y3dX0,2021-12-04,54267,,"['keane', 'keane tft', 'tft', 'teamight tactics', 'faker of tft', 'tsm keane', 'funny', 'moments', 'tft best moments', 'tft highlight', 'tft twitch', 'teamfight tactics guide', 'tft guide', 'how to tft', 'how to climb tft', 'challenger gameplay tft', 'tft set 6 gameplay', 'tft G&G', 'gizmos and gadgets', 'assassin clapio']","<Stream: itag=""397"" mime_type=""video/mp4"" res=""480p"" fps=""30fps"" vcodec=""av01.0.04M.08"" progressive=""False"" type=""video"">",30,397
TSM FTX Keane,Lissandra Bing Chillin' With Trundle | TFT | 11.23B,https://www.youtube.com/watch?v=PEN6JpV0YmU,2021-12-03,50207,,"['keane', 'keane tft', 'tft', 'teamight tactics', 'faker of tft', 'tsm keane', 'funny', 'moments', 'tft best moments', 'tft highlight', 'tft twitch', 'teamfight tactics guide', 'tft guide', 'how to tft', 'how to climb tft', 'challenger gameplay tft', 'tft set 6 gameplay', 'tft G&G', 'gizmos and gadgets', 'trundle reroll tft']","<Stream: itag=""135"" mime_type=""video/mp4"" res=""480p"" fps=""30fps"" vcodec=""avc1.4d401f"" progressive=""False"" type=""video"">",30,135
TSM FTX Keane,6 Challenger Yone 3 | TFT | 11.23B,https://www.youtube.com/watch?v=4y0g1eQXo64,2021-12-01,43059,,"['keane', 'keane tft', 'tft', 'teamight tactics', 'faker of tft', 'tsm keane', 'funny', 'moments', 'tft best moments', 'tft highlight', 'tft twitch', 'teamfight tactics guide', 'tft guide', 'how to tft', 'how to climb tft', 'challenger gameplay tft', 'tft set 6 gameplay', 'tft G&G', 'gizmos and gadgets', '6 challenger tft', 'yone carry tft challenger']","<Stream: itag=""397"" mime_type=""video/mp4"" res=""480p"" fps=""30fps"" vcodec=""av01.0.04M.08"" progressive=""False"" type=""video"">",30,397
TSM FTX Keane,Chemtech reroll is a thing? | TFT | 11.23B,https://www.youtube.com/watch?v=ZtTkXE6OouQ,2021-11-30,60783,,"['keane', 'keane tft', 'tft', 'teamight tactics', 'faker of tft', 'tsm keane', 'funny', 'moments', 'tft best moments', 'tft highlight', 'tft twitch', 'teamfight tactics guide', 'tft guide', 'how to tft', 'how to climb tft', 'challenger gameplay tft', 'tft set 6 gameplay', 'tft G&G', 'gizmos and gadgets', 'warwick reroll']","<Stream: itag=""135"" mime_type=""video/mp4"" res=""480p"" fps=""30fps"" vcodec=""avc1.4d401f"" progressive=""False"" type=""video"">",30,135
TSM FTX Keane,5 Mercenary opener allows for some crazy stuff | TFT | 11.23B,https://www.youtube.com/watch?v=upCqmiB7b4g,2021-11-29,95433,,"['keane', 'keane tft', 'tft', 'teamight tactics', 'faker of tft', 'tsm keane', 'funny', 'moments', 'tft best moments', 'tft highlight', 'tft twitch', 'teamfight tactics guide', 'tft guide', 'how to tft', 'how to climb tft', 'challenger gameplay tft', 'tft set 6 gameplay', 'tft G&G', 'gizmos and gadgets', 'jayce sniper', 'jayce carry tft']","<Stream: itag=""397"" mime_type=""video/mp4"" res=""480p"" fps=""30fps"" vcodec=""av01.0.04M.08"" progressive=""False"" type=""video"">",30,397
TSM FTX Keane,The best Augment for rerolling 2/3 cost units - March of Progress | TFT | 11.23B,https://www.youtube.com/watch?v=Dy7uJMcGCok,2021-11-28,50294,,"['keane', 'keane tft', 'tft', 'teamight tactics', 'faker of tft', 'tsm keane', 'funny', 'moments', 'tft best moments', 'tft highlight', 'tft twitch', 'teamfight tactics guide', 'tft guide', 'how to tft', 'how to climb tft', 'challenger gameplay tft', 'tft set 6 gameplay', 'tft G&G', 'gizmos and gadgets', 'lissandra reroll', 'zac lissandra reroll']","<Stream: itag=""135"" mime_type=""video/mp4"" res=""480p"" fps=""30fps"" vcodec=""avc1.4d401f"" progressive=""False"" type=""video"">",30,135
TSM FTX Keane,Is Viktor the strongest 2 star in the game? | TFT | 11.23B,https://www.youtube.com/watch?v=MKJeTvCA1gY,2021-11-27,43225,,"['keane', 'keane tft', 'tft', 'teamight tactics', 'faker of tft', 'tsm keane', 'funny', 'moments', 'tft best moments', 'tft highlight', 'tft twitch', 'teamfight tactics guide', 'tft guide', 'how to tft', 'how to climb tft', 'challenger gameplay tft', 'tft set 6 gameplay', 'tft G&G', 'gizmos and gadgets', 'viktor carry tft', 'chemtech viktor', 'arcanist viktor']","<Stream: itag=""135"" mime_type=""video/mp4"" res=""480p"" fps=""30fps"" vcodec=""avc1.4d401f"" progressive=""False"" type=""video"">",30,135
TSM FTX Keane,Tilted Keane tries out Katarina reroll | TFT | 11.23B,https://www.youtube.com/watch?v=lY2F7GfUrlk,2021-11-26,44764,,"['keane', 'keane tft', 'tft', 'teamight tactics', 'faker of tft', 'tsm keane', 'funny', 'moments', 'tft best moments', 'tft highlight', 'tft twitch', 'teamfight tactics guide', 'tft guide', 'how to tft', 'how to climb tft', 'challenger gameplay tft', 'tft set 6 gameplay', 'tft G&G', 'gizmos and gadgets', 'katarina reroll assassins', 'tft katarina carry']","<Stream: itag=""135"" mime_type=""video/mp4"" res=""480p"" fps=""30fps"" vcodec=""avc1.4d401f"" progressive=""False"" type=""video"">",30,135
TSM FTX Keane,This High-Risk/Huge-Reward comp is a must-watch,https://www.youtube.com/watch?v=6tpZcNkkNN0,2021-11-25,50522,,"['keane', 'keane tft', 'tft', 'teamight tactics', 'faker of tft', 'tsm keane', 'funny', 'moments', 'tft best moments', 'tft highlight', 'tft twitch', 'teamfight tactics guide', 'tft guide', 'how to tft', 'how to climb tft', 'challenger gameplay tft', 'tft set 6 gameplay', 'tft G&G', 'gizmos and gadgets', 'colossus comp tft', 'galio adc', 'galio carry tft']","<Stream: itag=""397"" mime_type=""video/mp4"" res=""480p"" fps=""30fps"" vcodec=""av01.0.04M.08"" progressive=""False"" type=""video"">",30,397
TSM FTX Keane,"How To Play CLAPIO, The Meta Destroyer | TFT",https://www.youtube.com/watch?v=_5zUEkV0Osg,2021-11-25,67341,,"['keane', 'keane tft', 'tft', 'teamight tactics', 'faker of tft', 'tsm keane', 'funny', 'moments', 'tft best moments', 'tft highlight', 'tft twitch', 'teamfight tactics guide', 'tft guide', 'how to tft', 'how to climb tft', 'challenger gameplay tft', 'tft set 6 gameplay', 'tft G&G', 'gizmos and gadgets', 'galio carry tft', 'colossus comp tft']","<Stream: itag=""135"" mime_type=""video/mp4"" res=""480p"" fps=""30fps"" vcodec=""avc1.4d401f"" progressive=""False"" type=""video"">",30,135
TSM FTX Keane,Korean TFT player transcends NA meta with NEW COMP.,https://www.youtube.com/watch?v=wCo1gaVI4ts,2021-11-25,64624,,"['keane', 'keane tft', 'tft', 'teamight tactics', 'faker of tft', 'tsm keane', 'funny', 'moments', 'tft best moments', 'tft highlight', 'tft twitch', 'teamfight tactics guide', 'tft guide', 'how to tft', 'how to climb tft', 'challenger gameplay tft', 'tft set 6 gameplay', 'tft G&G', 'gizmos and gadgets', 'galio carry tft', 'tft colossus comp']","<Stream: itag=""135"" mime_type=""video/mp4"" res=""480p"" fps=""30fps"" vcodec=""avc1.4d401f"" progressive=""False"" type=""video"">",30,135
TSM FTX Keane,1 HP & a dream to bring down the topside...of the lobby.,https://www.youtube.com/watch?v=4v3Xyv_pHRY,2021-11-23,41441,,"['keane', 'keane tft', 'tft', 'teamight tactics', 'faker of tft', 'tsm keane', 'funny', 'moments', 'tft best moments', 'tft highlight', 'tft twitch', 'teamfight tactics guide', 'tft guide', 'how to tft', 'how to climb tft', 'challenger gameplay tft', 'tft set 6 gameplay', 'tft G&G', 'gizmos and gadgets', 'jinx carry tft', '1 hp comeback']","<Stream: itag=""397"" mime_type=""video/mp4"" res=""480p"" fps=""30fps"" vcodec=""av01.0.04M.08"" progressive=""False"" type=""video"">",30,397
TSM FTX Keane,"I hit Urgot 3, my laptop hit Cho'goth 3 in DOUBLE UP | TFT",https://www.youtube.com/watch?v=ZwsL1VPDW5k,2021-11-22,24290,,"['keane', 'keane tft', 'tft', 'teamight tactics', 'faker of tft', 'tsm keane', 'funny', 'moments', 'tft best moments', 'tft highlight', 'tft twitch', 'teamfight tactics guide', 'tft guide', 'how to tft', 'how to climb tft', 'challenger gameplay tft', 'tft set 6 gameplay', 'tft G&G', 'gizmos and gadgets', 'double up tft']","<Stream: itag=""135"" mime_type=""video/mp4"" res=""480p"" fps=""30fps"" vcodec=""avc1.4d401f"" progressive=""False"" type=""video"">",30,135
TSM FTX Keane,Playing two comps at the same time in DOUBLE UP | TFT,https://www.youtube.com/watch?v=TqTPsB4dAss,2021-11-22,17196,,"['keane', 'keane tft', 'tft', 'teamight tactics', 'faker of tft', 'tsm keane', 'funny', 'moments', 'tft best moments', 'tft highlight', 'tft twitch', 'teamfight tactics guide', 'tft guide', 'how to tft', 'how to climb tft', 'challenger gameplay tft', 'tft set 6 gameplay', 'tft G&G', 'gizmos and gadgets', 'double up tft', 'duo mode tft']","<Stream: itag=""135"" mime_type=""video/mp4"" res=""480p"" fps=""30fps"" vcodec=""avc1.4d401f"" progressive=""False"" type=""video"">",30,135
TSM FTX Keane,Keane gets carried by his Laptop in DOUBLE UP | TFT,https://www.youtube.com/watch?v=x6bijuNP17M,2021-11-21,29405,,"['keane', 'keane tft', 'tft', 'teamight tactics', 'faker of tft', 'tsm keane', 'funny', 'moments', 'tft best moments', 'tft highlight', 'tft twitch', 'teamfight tactics guide', 'tft guide', 'how to tft', 'how to climb tft', 'challenger gameplay tft', 'tft set 6 gameplay', 'tft G&G', 'gizmos and gadgets', 'double up tft', 'tft duo mode']","<Stream: itag=""135"" mime_type=""video/mp4"" res=""480p"" fps=""30fps"" vcodec=""avc1.4d401f"" progressive=""False"" type=""video"">",30,135
TSM FTX Keane,"Rest in peace, but in a meme way | TFT SET 6 | P.11.23",https://www.youtube.com/watch?v=KtgED5h5YZg,2021-11-20,31079,,"['keane', 'keane tft', 'tft', 'teamight tactics', 'faker of tft', 'tsm keane', 'funny', 'moments', 'tft best moments', 'tft highlight', 'tft twitch', 'teamfight tactics guide', 'tft guide', 'how to tft', 'how to climb tft', 'challenger gameplay tft', 'tft set 6 gameplay', 'tft G&G', 'gizmos and gadgets', 'tft sion carry', 'socialite sion carry tft']","<Stream: itag=""135"" mime_type=""video/mp4"" res=""480p"" fps=""30fps"" vcodec=""avc1.4d401f"" progressive=""False"" type=""video"">",30,135
TSM FTX Keane,The perfect 'March Of Progress' Augment game,https://www.youtube.com/watch?v=nGzpUKy6QoQ,2021-11-20,66444,,"['keane', 'keane tft', 'tft', 'teamight tactics', 'faker of tft', 'tsm keane', 'funny', 'moments', 'tft best moments', 'tft highlight', 'tft twitch', 'teamfight tactics guide', 'tft guide', 'how to tft', 'how to climb tft', 'challenger gameplay tft', 'tft set 6 gameplay', 'tft G&G', 'gizmos and gadgets', 'sion imperial', 'sion carry tft', 'march of progress tft']","<Stream: itag=""135"" mime_type=""video/mp4"" res=""480p"" fps=""30fps"" vcodec=""avc1.4d401f"" progressive=""False"" type=""video"">",30,135
TSM FTX Keane,Keane gets a different kind of resistance | TFT SET 6 | P.11.22,https://www.youtube.com/watch?v=fN0NnvHtCwA,2021-11-17,31825,,"['keane', 'keane tft', 'tft', 'teamight tactics', 'faker of tft', 'tsm keane', 'funny', 'moments', 'tft best moments', 'tft highlight', 'tft twitch', 'teamfight tactics guide', 'tft guide', 'how to tft', 'how to climb tft', 'challenger gameplay tft', 'tft set 6 gameplay', 'tft G&G', 'gizmos and gadgets', 'unspoiled', 'innovator comp', '7 innovator', 'innovator dragon']","<Stream: itag=""135"" mime_type=""video/mp4"" res=""480p"" fps=""30fps"" vcodec=""avc1.4d401f"" progressive=""False"" type=""video"">",30,135
TSM FTX Keane,Korean server is not contesting this op tech | RANK 4 OCE & 37 KR,https://www.youtube.com/watch?v=AzRBOBJKrBQ,2021-11-17,51626,,"['keane', 'keane tft', 'tft', 'teamight tactics', 'faker of tft', 'tsm keane', 'funny', 'moments', 'tft best moments', 'tft highlight', 'tft twitch', 'teamfight tactics guide', 'tft guide', 'how to tft', 'how to climb tft', 'challenger gameplay tft', 'tft set 6 gameplay', 'tft G&G', 'gizmos and gadgets', 'imperial reroll', 'sinsamira', 'assassin samira']","<Stream: itag=""135"" mime_type=""video/mp4"" res=""480p"" fps=""30fps"" vcodec=""avc1.4d401f"" progressive=""False"" type=""video"">",30,135
TSM FTX Keane,Completely destroying Elder (metamorphosis) Mutants | RANK 4 OCE & 37 KR,https://www.youtube.com/watch?v=LRfWPSCUL3M,2021-11-16,52246,,"['keane', 'keane tft', 'tft', 'teamight tactics', 'faker of tft', 'tsm keane', 'funny', 'moments', 'tft best moments', 'tft highlight', 'tft twitch', 'teamfight tactics guide', 'tft guide', 'how to tft', 'how to climb tft', 'challenger gameplay tft', 'tft set 6 gameplay', 'tft G&G', 'gizmos and gadgets', 'assassin samira', 'imperial reroll', 'sinsamira', 'elderwood mutant counter']","<Stream: itag=""397"" mime_type=""video/mp4"" res=""480p"" fps=""30fps"" vcodec=""av01.0.04M.08"" progressive=""False"" type=""video"">",30,397
TSM FTX Keane,I tried Assassin Samira & it is instant favorite | RANK 4 OCE & 37 KR,https://www.youtube.com/watch?v=NPXKCnZFaTo,2021-11-16,28611,,"['keane', 'keane tft', 'tft', 'teamight tactics', 'faker of tft', 'tsm keane', 'funny', 'moments', 'tft best moments', 'tft highlight', 'tft twitch', 'teamfight tactics guide', 'tft guide', 'how to tft', 'how to climb tft', 'challenger gameplay tft', 'tft set 6 gameplay', 'tft G&G', 'gizmos and gadgets', 'imperial reroll', 'sinsamira', 'assassin samira']","<Stream: itag=""135"" mime_type=""video/mp4"" res=""480p"" fps=""30fps"" vcodec=""avc1.4d401f"" progressive=""False"" type=""video"">",30,135
TSM FTX Keane,This is considered the most broken tech. | RANK 4 OCE & 37 KR,https://www.youtube.com/watch?v=-0YcBekz83I,2021-11-16,153223,,"['keane', 'keane tft', 'tft', 'teamight tactics', 'faker of tft', 'tsm keane', 'funny', 'moments', 'tft best moments', 'tft highlight', 'tft twitch', 'teamfight tactics guide', 'tft guide', 'how to tft', 'how to climb tft', 'challenger gameplay tft', 'tft set 6 gameplay', 'tft G&G', 'gizmos and gadgets', 'elderwood mutant', 'cho goth malzahar comp tft']","<Stream: itag=""397"" mime_type=""video/mp4"" res=""480p"" fps=""30fps"" vcodec=""av01.0.04M.08"" progressive=""False"" type=""video"">",30,397
TSM FTX Keane,fast solutions to unexpected problems | TFT SET 6 | P.11.22,https://www.youtube.com/watch?v=3c7AaftNvYg,2021-11-14,35213,,"['keane', 'keane tft', 'tft', 'teamight tactics', 'faker of tft', 'tsm keane', 'funny', 'moments', 'tft best moments', 'tft highlight', 'tft twitch', 'teamfight tactics guide', 'tft guide', 'how to tft', 'how to climb tft', 'challenger gameplay tft', 'tft set 6 gameplay', 'tft G&G', 'gizmos and gadgets', 'unspoiled', 'tahm kench tft']","<Stream: itag=""135"" mime_type=""video/mp4"" res=""480p"" fps=""30fps"" vcodec=""avc1.4d401f"" progressive=""False"" type=""video"">",30,135
TSM FTX Keane,HOW TO - Trade Sector Augment (Free shop refresh) | RANK 4 OCE,https://www.youtube.com/watch?v=gywuuY-v9Eg,2021-11-12,109576,,"['keane', 'keane tft', 'tft', 'teamight tactics', 'faker of tft', 'tsm keane', 'funny', 'moments', 'tft best moments', 'tft highlight', 'tft twitch', 'teamfight tactics guide', 'tft guide', 'how to tft', 'how to climb tft', 'challenger gameplay tft', 'tft set 6 gameplay', 'tft G&G', 'gizmos and gadgets', 'garen reroll']","<Stream: itag=""135"" mime_type=""video/mp4"" res=""480p"" fps=""30fps"" vcodec=""avc1.4d401f"" progressive=""False"" type=""video"">",30,135
TSM FTX Keane,Prismatic Built Different Augment - NO SYNERGIES.,https://www.youtube.com/watch?v=JZWj5H1bX9A,2021-11-11,121524,,"['keane', 'keane tft', 'tft', 'teamight tactics', 'faker of tft', 'tsm keane', 'funny', 'moments', 'tft best moments', 'tft highlight', 'tft twitch', 'teamfight tactics guide', 'tft guide', 'how to tft', 'how to climb tft', 'challenger gameplay tft', 'tft set 6 gameplay', 'tft G&G', 'gizmos and gadgets', 'galio 3 star', 'built different augment']","<Stream: itag=""397"" mime_type=""video/mp4"" res=""480p"" fps=""30fps"" vcodec=""av01.0.04M.08"" progressive=""False"" type=""video"">",30,397
TSM FTX Keane,The genius of Keane | TFT SET 6 | P.11.22,https://www.youtube.com/watch?v=8AxgleveRqU,2021-11-10,36945,,"['keane', 'keane tft', 'tft', 'teamight tactics', 'faker of tft', 'tsm keane', 'funny', 'moments', 'tft best moments', 'tft highlight', 'tft twitch', 'teamfight tactics guide', 'tft guide', 'how to tft', 'how to climb tft', 'challenger gameplay tft', 'tft set 6 gameplay', 'tft G&G', 'gizmos and gadgets', 'unspoiled tft gameplay set 6', 'explode chemtech']","<Stream: itag=""397"" mime_type=""video/mp4"" res=""480p"" fps=""30fps"" vcodec=""av01.0.04M.08"" progressive=""False"" type=""video"">",30,397
TSM FTX Keane,"This is 7 Mercenary, the wildest trait in SET 6.",https://www.youtube.com/watch?v=6AwW7Kbf8pE,2021-11-09,88780,,"['keane', 'keane tft', 'tft', 'teamight tactics', 'faker of tft', 'tsm keane', 'funny', 'moments', 'tft best moments', 'tft highlight', 'tft twitch', 'teamfight tactics guide', 'tft guide', 'how to tft', 'how to climb tft', 'challenger gameplay tft', 'tft set 6 gameplay', 'tft G&G', 'gizmos and gadgets', '7 mercenary']","<Stream: itag=""135"" mime_type=""video/mp4"" res=""480p"" fps=""30fps"" vcodec=""avc1.4d401f"" progressive=""False"" type=""video"">",30,135
TSM FTX Keane,"Just give her Guardian Angel, Bluebuff & trust.",https://www.youtube.com/watch?v=FnSDucijx6U,2021-11-06,47238,,"['keane', 'keane tft', 'tft', 'teamight tactics', 'faker of tft', 'tsm keane', 'funny', 'moments', 'tft best moments', 'tft highlight', 'tft twitch', 'teamfight tactics guide', 'tft guide', 'how to tft', 'how to climb tft', 'challenger gameplay tft', 'tft set 6 gameplay', 'tft G&G', 'gizmos and gadgets', 'syndicate', 'akali syndicate', 'augment']","<Stream: itag=""135"" mime_type=""video/mp4"" res=""480p"" fps=""30fps"" vcodec=""avc1.4d401f"" progressive=""False"" type=""video"">",30,135
TSM FTX Keane,Level 8 with 70 gold at stage 4:2 | AUG: Regenerate 2 hp each round.,https://www.youtube.com/watch?v=HK6icqwGRUc,2021-11-05,87254,,"['keane', 'keane tft', 'tft', 'teamight tactics', 'faker of tft', 'tsm keane', 'funny', 'moments', 'tft best moments', 'tft highlight', 'tft twitch', 'teamfight tactics guide', 'tft guide', 'how to tft', 'how to climb tft', 'challenger gameplay tft', 'tft set 6 gameplay', 'tft G&G', 'gizmos and gadgets', 'metabolic accelerator tft', 'tft augment']","<Stream: itag=""135"" mime_type=""video/mp4"" res=""480p"" fps=""30fps"" vcodec=""avc1.4d401f"" progressive=""False"" type=""video"">",30,135
TSM FTX Keane,"Lux has no mana lock = endless casts | AUG: If wearing 2 items, get another for free | RANK 1 OCE",https://www.youtube.com/watch?v=g2pVNl2fHkc,2021-11-04,51083,,"['keane', 'keane tft', 'tft', 'teamight tactics', 'faker of tft', 'tsm keane', 'funny', 'moments', 'tft best moments', 'tft highlight', 'tft twitch', 'teamfight tactics guide', 'tft guide', 'how to tft', 'how to climb tft', 'challenger gameplay tft', 'tft set 6 gameplay', 'tft G&G', 'gizmos and gadgets', 'arcanist comp', 'lux arcanist', 'binary airdrop']","<Stream: itag=""397"" mime_type=""video/mp4"" res=""480p"" fps=""30fps"" vcodec=""av01.0.04M.08"" progressive=""False"" type=""video"">",30,397
TSM FTX Keane,First day of ranked SET 6 games | (AUG: Gain 2 hp back each round),https://www.youtube.com/watch?v=uCIjdG0QXZM,2021-11-03,36062,,"['keane', 'keane tft', 'tft', 'teamight tactics', 'faker of tft', 'tsm keane', 'funny', 'moments', 'tft best moments', 'tft highlight', 'tft twitch', 'teamfight tactics guide', 'tft guide', 'how to tft', 'how to climb tft', 'challenger gameplay tft', 'tft set 6 gameplay', 'tft G&G', 'gizmos and gadgets', 'tft set 6 ranked', 'academy yone']","<Stream: itag=""135"" mime_type=""video/mp4"" res=""480p"" fps=""30fps"" vcodec=""avc1.4d401f"" progressive=""False"" type=""video"">",30,135
TSM FTX Keane,"One is stronger than the other, u probably guessed it right",https://www.youtube.com/watch?v=VHBkY7pYJkY,2021-11-01,37623,,"['keane', 'keane tft', 'tft', 'teamight tactics', 'faker of tft', 'tsm keane', 'funny', 'moments', 'tft best moments', 'tft highlight', 'tft twitch', 'teamfight tactics guide', 'tft guide', 'how to tft', 'how to climb tft', 'challenger gameplay tft', 'tft set 6 gameplay', 'tft G&G', 'gizmos and gadgets', 'yone 3 fiora 3 set 6', 'challenger comp set 6']","<Stream: itag=""135"" mime_type=""video/mp4"" res=""480p"" fps=""30fps"" vcodec=""avc1.4d401f"" progressive=""False"" type=""video"">",30,135
TSM FTX Keane,Mercenary is the new Fortune | (Augment: You can't buy XP.),https://www.youtube.com/watch?v=jSJqP8TyXzk,2021-10-31,92914,,"['keane', 'keane tft', 'tft', 'teamight tactics', 'faker of tft', 'tsm keane', 'funny', 'moments', 'tft best moments', 'tft highlight', 'tft twitch', 'teamfight tactics guide', 'tft guide', 'how to tft', 'how to climb tft', 'challenger gameplay tft', 'tft set 6 gameplay', 'tft G&G', 'gizmos and gadgets', 'mercenary tft', 'march of progress']","<Stream: itag=""135"" mime_type=""video/mp4"" res=""480p"" fps=""30fps"" vcodec=""avc1.4d401f"" progressive=""False"" type=""video"">",30,135
TSM FTX Keane,"5 Imperial reroll with ""Talon carry""",https://www.youtube.com/watch?v=PCJnZuo7cJQ,2021-10-29,64295,,"['keane', 'keane tft', 'tft', 'teamight tactics', 'faker of tft', 'tsm keane', 'funny', 'moments', 'tft best moments', 'tft highlight', 'tft twitch', 'teamfight tactics guide', 'tft guide', 'how to tft', 'how to climb tft', 'challenger gameplay tft', 'tft set 6 gameplay', 'tft G&G', 'gizmos and gadgets', 'imperial tft']","<Stream: itag=""135"" mime_type=""video/mp4"" res=""480p"" fps=""30fps"" vcodec=""avc1.4d401f"" progressive=""False"" type=""video"">",30,135
TSM FTX Keane,Say hello to my little friend | GIZMOS & GADGETS,https://www.youtube.com/watch?v=AJBQfKFMSdo,2021-10-27,49007,,"['keane', 'keane tft', 'tft', 'teamight tactics', 'faker of tft', 'tsm keane', 'funny', 'moments', 'tft best moments', 'tft highlight', 'tft twitch', 'teamfight tactics guide', 'tft guide', 'how to tft', 'how to climb tft', 'challenger gameplay tft', 'tft set 6 gameplay', 'tft G&G', 'gizmos and gadgets', 'full stack chogoth tft', 'mutant chogoth']","<Stream: itag=""135"" mime_type=""video/mp4"" res=""480p"" fps=""30fps"" vcodec=""avc1.4d401f"" progressive=""False"" type=""video"">",30,135
TSM FTX Keane,AUGMENT: REROLL AND LEVEL SIMULTANEOUSLY | GIZMOS & GADGETS,https://www.youtube.com/watch?v=t3cQzrb0PaM,2021-10-26,42706,,"['keane', 'keane tft', 'tft', 'teamight tactics', 'faker of tft', 'tsm keane', 'funny', 'moments', 'tft best moments', 'tft highlight', 'tft twitch', 'teamfight tactics guide', 'tft guide', 'how to tft', 'how to climb tft', 'challenger gameplay tft', 'tft set 6 gameplay', 'tft G&G', 'gizmos and gadgets', 'lissandra chemtech scholar', 'wise spending']","<Stream: itag=""135"" mime_type=""video/mp4"" res=""480p"" fps=""30fps"" vcodec=""avc1.4d401f"" progressive=""False"" type=""video"">",30,135
TSM FTX Keane,1V9 JINX FLIES & NUKES THE BOARD. | GIZMOS & GADGETS,https://www.youtube.com/watch?v=gkTTwm7jRK0,2021-10-25,38411,,"['keane', 'keane tft', 'tft', 'teamight tactics', 'faker of tft', 'tsm keane', 'funny', 'moments', 'tft best moments', 'tft highlight', 'tft twitch', 'teamfight tactics guide', 'tft guide', 'how to tft', 'how to climb tft', 'challenger gameplay tft', 'tft set 6 gameplay', 'tft G&G', 'gizmos and gadgets', 'jinx 3 star', 'twinshot tft']","<Stream: itag=""397"" mime_type=""video/mp4"" res=""480p"" fps=""30fps"" vcodec=""av01.0.04M.08"" progressive=""False"" type=""video"">",30,397
TSM FTX Keane,super easy and super strong - The chemtech comp.  | GIZMOS & GADGETS,https://www.youtube.com/watch?v=Qgpp4GZxi1g,2021-10-24,39183,,"['keane', 'keane tft', 'tft', 'teamight tactics', 'faker of tft', 'tsm keane', 'funny', 'moments', 'tft best moments', 'tft highlight', 'tft twitch', 'teamfight tactics guide', 'tft guide', 'how to tft', 'how to climb tft', 'challenger gameplay tft', 'tft set 6 gameplay', 'tft G&G', 'gizmos and gadgets', 'chemtech', 'urgot chemtech comp']","<Stream: itag=""135"" mime_type=""video/mp4"" res=""480p"" fps=""30fps"" vcodec=""avc1.4d401f"" progressive=""False"" type=""video"">",30,135
TSM FTX Keane,I think I found my favorite comp/trait of SET 6 | GIZMOS & GADGETS,https://www.youtube.com/watch?v=oJPPnTbyQkE,2021-10-22,54483,,[],"<Stream: itag=""135"" mime_type=""video/mp4"" res=""480p"" fps=""30fps"" vcodec=""avc1.4d401f"" progressive=""False"" type=""video"">",30,135
TSM FTX Keane,6 ASSASSIN REROLL COMP. SET 6 | GIZMOS & GADGETS,https://www.youtube.com/watch?v=AOuSEdnMaoE,2021-10-21,56841,,"['keane', 'keane tft', 'tft', 'teamight tactics', 'faker of tft', 'tsm keane', 'funny', 'moments', 'tft best moments', 'tft highlight', 'tft twitch', 'teamfight tactics guide', 'tft guide', 'how to tft', 'how to climb tft', 'challenger gameplay tft', 'tft set 6 gameplay', 'tft 8 challenger comp', 'tft fiora 3 star', 'tft G&G', 'gadgets and', 'gizmos and gadgets', 'tft augments', 'tft reroll augment', 'gizmos and gadgets tft', '6 assassins set 6 tft']","<Stream: itag=""397"" mime_type=""video/mp4"" res=""480p"" fps=""30fps"" vcodec=""av01.0.04M.08"" progressive=""False"" type=""video"">",30,397
TSM FTX Keane,Unstoppable 8 challenger in NEW SET 6 | GIZMOS & GADGETS,https://www.youtube.com/watch?v=u_uzrr5TCnM,2021-10-20,52619,,"['keane', 'keane tft', 'tft', 'teamight tactics', 'faker of tft', 'tsm keane', 'funny', 'moments', 'tft best moments', 'tft highlight', 'tft twitch', 'teamfight tactics guide', 'tft guide', 'how to tft', 'how to climb tft', 'challenger gameplay tft', 'tft set 6 gameplay', 'tft 8 challenger comp', 'tft fiora 3 star', 'tft G&G', 'gadgets and', 'gizmos and gadgets']","<Stream: itag=""397"" mime_type=""video/mp4"" res=""480p"" fps=""30fps"" vcodec=""av01.0.04M.08"" progressive=""False"" type=""video"">",30,397
TSM FTX Keane,saying goodbye to set 5.5 with a BIG BOOOM! Garen,https://www.youtube.com/watch?v=P8ZchO7U3xM,2021-10-20,20385,,"['keane', 'keane tft', 'tft', 'teamight tactics', 'faker of tft', 'tsm keane', 'funny', 'moments', 'tft best moments', 'hextech', 'tft highlight', 'tft twitch', 'highlight', 'twitch highlight', 'teamfight tactics guide', 'guide', 'tft guide', 'how to', 'how to tft', 'how to climb tft', 'tft reckoning', 'tft set 5 gameplay', 'challenger gameplay tft', 'tft garen carry', 'tft 6 spellweaver garen', 'tft set 5.5']","<Stream: itag=""397"" mime_type=""video/mp4"" res=""480p"" fps=""30fps"" vcodec=""av01.0.04M.08"" progressive=""False"" type=""video"">",30,397
TSM FTX Keane,70 gold is the new 50 gold with this AUGMENT,https://www.youtube.com/watch?v=FqQU5rXPfmc,2021-10-20,55559,,"['keane', 'keane tft', 'tft', 'teamight tactics', 'faker of tft', 'tsm keane', 'funny', 'moments', 'tft best moments', 'tft highlight', 'tft twitch', 'teamfight tactics guide', 'tft guide', 'how to tft', 'how to climb tft', 'challenger gameplay tft', 'tft set 6 mutant', 'tft set 6 gameplay', 'gizmos and gadgets tft']","<Stream: itag=""397"" mime_type=""video/mp4"" res=""480p"" fps=""30fps"" vcodec=""av01.0.04M.08"" progressive=""False"" type=""video"">",30,397
TSM FTX Keane,snip snip cut cut,https://www.youtube.com/watch?v=19ucyTnq69A,2021-10-19,24756,,"['keane', 'keane tft', 'tft', 'teamight tactics', 'faker of tft', 'tsm keane', 'funny', 'moments', 'tft best moments', 'hextech', 'tft highlight', 'tft twitch', 'highlight', 'twitch highlight', 'teamfight tactics guide', 'guide', 'tft guide', 'how to', 'how to tft', 'how to climb tft', 'tft reckoning', 'tft set 5 gameplay', 'challenger gameplay tft', 'gwen carry', 'bluebuff gwen', 'tft set 5.5', 'tft radiant']","<Stream: itag=""135"" mime_type=""video/mp4"" res=""480p"" fps=""30fps"" vcodec=""avc1.4d401f"" progressive=""False"" type=""video"">",30,135
TSM FTX Keane,"Pro tft player, noob coffee drinker | TFT | P.11.20",https://www.youtube.com/watch?v=nl63ggH-GL8,2021-10-16,29896,,"['keane', 'keane tft', 'tft', 'teamight tactics', 'faker of tft', 'tsm keane', 'funny', 'moments', 'tft best moments', 'hextech', 'tft highlight', 'tft twitch', 'highlight', 'twitch highlight', 'teamfight tactics guide', 'guide', 'tft guide', 'how to', 'how to tft', 'how to climb tft', 'tft reckoning', 'tft set 5 gameplay', 'challenger gameplay tft', 'unspoiled tft', 'tft set 5.5', 'tft radiant']","<Stream: itag=""135"" mime_type=""video/mp4"" res=""480p"" fps=""30fps"" vcodec=""avc1.4d401f"" progressive=""False"" type=""video"">",30,135
TSM FTX Keane,Careful what you wish for,https://www.youtube.com/watch?v=w4Xt8JoUh4U,2021-10-14,32373,,"['keane', 'keane tft', 'tft', 'teamight tactics', 'faker of tft', 'tsm keane', 'funny', 'moments', 'tft best moments', 'hextech', 'tft highlight', 'tft twitch', 'highlight', 'twitch highlight', 'teamfight tactics guide', 'guide', 'tft guide', 'how to', 'how to tft', 'how to climb tft', 'tft reckoning', 'tft set 5 gameplay', 'challenger gameplay tft', '3 fon stimmy', 'akshan carry tft', 'set 5.5 tft', 'radiant tft']","<Stream: itag=""397"" mime_type=""video/mp4"" res=""480p"" fps=""30fps"" vcodec=""av01.0.04M.08"" progressive=""False"" type=""video"">",30,397
TSM FTX Keane,how many mistakes can I afford to make?,https://www.youtube.com/watch?v=aNkLklk_HZo,2021-10-12,39766,,"['keane', 'keane tft', 'tft', 'teamight tactics', 'faker of tft', 'tsm keane', 'funny', 'moments', 'tft best moments', 'hextech', 'tft highlight', 'tft twitch', 'highlight', 'twitch highlight', 'teamfight tactics guide', 'guide', 'tft guide', 'how to', 'how to tft', 'how to climb tft', 'tft reckoning', 'tft set 5 gameplay', 'challenger gameplay tft', '5 draconic', 'ashe carry', 'set 5.5 tft', 'radiant item']","<Stream: itag=""397"" mime_type=""video/mp4"" res=""480p"" fps=""30fps"" vcodec=""av01.0.04M.08"" progressive=""False"" type=""video"">",30,397
TSM FTX Keane,NA challenger visits OCE master | TFT | P.11.20,https://www.youtube.com/watch?v=9xtdWlmJ2ac,2021-10-10,27673,,"['keane', 'keane tft', 'tft', 'teamight tactics', 'faker of tft', 'tsm keane', 'funny', 'moments', 'tft best moments', 'hextech', 'tft highlight', 'tft twitch', 'highlight', 'twitch highlight', 'teamfight tactics guide', 'guide', 'tft guide', 'how to', 'how to tft', 'how to climb tft', 'tft reckoning', 'tft set 5 gameplay', 'challenger gameplay tft', 'tft unspoiled', 'tft set 5.5', 'tft sentinel 6', 'lucian tft', 'radiant item']","<Stream: itag=""135"" mime_type=""video/mp4"" res=""480p"" fps=""30fps"" vcodec=""avc1.4d401f"" progressive=""False"" type=""video"">",30,135
TSM FTX Keane,playing the least trusted carry,https://www.youtube.com/watch?v=FQ-tSutkM_w,2021-10-08,40320,,"['keane', 'keane tft', 'tft', 'teamight tactics', 'faker of tft', 'tsm keane', 'funny', 'moments', 'tft best moments', 'hextech', 'tft highlight', 'tft twitch', 'highlight', 'twitch highlight', 'teamfight tactics guide', 'guide', 'tft guide', 'how to', 'how to tft', 'how to climb tft', 'tft reckoning', 'tft set 5 gameplay', 'challenger gameplay tft', 'tft radiant', 'tft set 5.5', 'tft renewer comp', 'tft karma carry']","<Stream: itag=""397"" mime_type=""video/mp4"" res=""480p"" fps=""30fps"" vcodec=""av01.0.04M.08"" progressive=""False"" type=""video"">",30,397
TSM FTX Keane,This is the only comp I want to play | TFT | P.11.19,https://www.youtube.com/watch?v=cW1Gv0TQ7GI,2021-10-06,37009,,"['keane', 'keane tft', 'tft', 'teamight tactics', 'faker of tft', 'tsm keane', 'funny', 'moments', 'tft best moments', 'hextech', 'tft highlight', 'tft twitch', 'highlight', 'twitch highlight', 'teamfight tactics guide', 'guide', 'tft guide', 'how to', 'how to tft', 'how to climb tft', 'tft reckoning', 'tft set 5 gameplay', 'challenger gameplay tft', 'unspoiled', 'tft set 5.5', 'tft radiant items', 'tft renunu']","<Stream: itag=""135"" mime_type=""video/mp4"" res=""480p"" fps=""30fps"" vcodec=""avc1.4d401f"" progressive=""False"" type=""video"">",30,135
TSM FTX Keane,Sett's return to his former glory?,https://www.youtube.com/watch?v=FqvNO7A-MCI,2021-10-05,41178,,"['keane', 'keane tft', 'tft', 'teamight tactics', 'faker of tft', 'tsm keane', 'funny', 'moments', 'tft best moments', 'hextech', 'tft highlight', 'tft twitch', 'highlight', 'twitch highlight', 'teamfight tactics guide', 'guide', 'tft guide', 'how to', 'how to tft', 'how to climb tft', 'tft reckoning', 'tft set 5 gameplay', 'challenger gameplay tft', 'tft set 5.5', 'tft sett carry']","<Stream: itag=""135"" mime_type=""video/mp4"" res=""480p"" fps=""30fps"" vcodec=""avc1.4d401f"" progressive=""False"" type=""video"">",30,135
TSM FTX Keane,They said Kled is meta in high rank tft,https://www.youtube.com/watch?v=WxypTeBLUT8,2021-10-02,43611,,"['keane', 'keane tft', 'tft', 'teamight tactics', 'faker of tft', 'tsm keane', 'funny', 'moments', 'tft best moments', 'hextech', 'tft highlight', 'tft twitch', 'highlight', 'twitch highlight', 'teamfight tactics guide', 'guide', 'tft guide', 'how to', 'how to tft', 'how to climb tft', 'tft reckoning', 'tft set 5 gameplay', 'challenger gameplay tft', 'kled carry tft', 'tft 8 hellion', 'tft hellions', 'tft set 5.5 gameplay', 'tft radiant items']","<Stream: itag=""135"" mime_type=""video/mp4"" res=""480p"" fps=""30fps"" vcodec=""avc1.4d401f"" progressive=""False"" type=""video"">",30,135
